week_id,date,regime,weight_profile,ticker,composite_score,adaptive_score,delta,composite_rank,adaptive_rank
2026-W24,2026-06-12,NEUTRAL,NEUTRAL,DATAPATTNS.NS,90.96,90.96,0.0,1,1
2026-W24,2026-06-12,NEUTRAL,NEUTRAL,APARINDS.NS,90.76,90.76,0.0,2,2
2026-W24,2026-06-12,NEUTRAL,NEUTRAL,WELCORP.NS,89.42,89.42,0.0,3,3
2026-W24,2026-06-12,NEUTRAL,NEUTRAL,RRKABEL.NS,87.78,87.78,0.0,4,4
2026-W24,2026-06-12,NEUTRAL,NEUTRAL,CAPLIPOINT.NS,86.54,86.54,0.0,5,5
2026-W24,2026-06-12,NEUTRAL,NEUTRAL,PREMIERENE.NS,85.88,85.88,0.0,6,6
2026-W24,2026-06-12,NEUTRAL,NEUTRAL,ASTERDM.NS,85.54,85.54,0.0,7,7
2026-W24,2026-06-12,NEUTRAL,NEUTRAL,SYRMA.NS,85.38,85.38,0.0,8,8
2026-W24,2026-06-12,NEUTRAL,NEUTRAL,DEEPAKFERT.NS,84.62,84.62,0.0,9,9
2026-W24,2026-06-12,NEUTRAL,NEUTRAL,ADANIGREEN.NS,84.56,84.56,0.0,10,10
2026-W24,2026-06-12,NEUTRAL,NEUTRAL,CGPOWER.NS,84.02,84.02,0.0,11,11
2026-W24,2026-06-12,NEUTRAL,NEUTRAL,HSCL.NS,83.92,83.92,0.0,12,12
2026-W24,2026-06-12,NEUTRAL,NEUTRAL,GVT&D.NS,83.78,83.78,0.0,13,13
2026-W24,2026-06-12,NEUTRAL,NEUTRAL,THERMAX.NS,83.78,83.78,0.0,14,14
2026-W24,2026-06-12,NEUTRAL,NEUTRAL,ADANIENT.NS,82.84,82.84,0.0,15,15
2026-W24,2026-06-12,NEUTRAL,NEUTRAL,MAHABANK.NS,82.7,82.7,0.0,16,16
2026-W24,2026-06-12,NEUTRAL,NEUTRAL,ABSLAMC.NS,82.52,82.52,0.0,17,17
2026-W24,2026-06-12,NEUTRAL,NEUTRAL,BHARATFORG.NS,82.46,82.46,0.0,18,18
2026-W24,2026-06-12,NEUTRAL,NEUTRAL,CPPLUS.NS,82.38,82.38,0.0,19,19
2026-W24,2026-06-12,NEUTRAL,NEUTRAL,KIRLOSENG.NS,82.18,82.18,0.0,20,20
2026-W24,2026-06-12,NEUTRAL,NEUTRAL,ATHERENERG.NS,81.48,81.48,0.0,21,21
2026-W24,2026-06-12,NEUTRAL,NEUTRAL,ADANIENSOL.NS,81.46,81.46,0.0,22,22
2026-W24,2026-06-12,NEUTRAL,NEUTRAL,LAURUSLABS.NS,81.4,81.4,0.0,23,23
2026-W24,2026-06-12,NEUTRAL,NEUTRAL,SAILIFE.NS,81.06,81.06,0.0,24,24
2026-W24,2026-06-12,NEUTRAL,NEUTRAL,BELRISE.NS,80.94,80.94,0.0,25,25
2026-W24,2026-06-12,NEUTRAL,NEUTRAL,EMMVEE.NS,80.38,80.38,0.0,26,26
2026-W24,2026-06-12,NEUTRAL,NEUTRAL,ADANIPORTS.NS,80.28,80.28,0.0,27,27
2026-W24,2026-06-12,NEUTRAL,NEUTRAL,ACMESOLAR.NS,79.92,79.92,0.0,28,28
2026-W24,2026-06-12,NEUTRAL,NEUTRAL,ACUTAAS.NS,78.96,78.96,0.0,29,29
2026-W24,2026-06-12,NEUTRAL,NEUTRAL,CEMPRO.NS,78.3,78.3,0.0,30,30
2026-W24,2026-06-12,NEUTRAL,NEUTRAL,VTL.NS,78.16,78.16,0.0,31,31
2026-W24,2026-06-12,NEUTRAL,NEUTRAL,CHENNPETRO.NS,78.1,78.1,0.0,32,32
2026-W24,2026-06-12,NEUTRAL,NEUTRAL,CCL.NS,78.08,78.08,0.0,33,33
2026-W24,2026-06-12,NEUTRAL,NEUTRAL,POWERINDIA.NS,77.82,77.82,0.0,34,34
2026-W24,2026-06-12,NEUTRAL,NEUTRAL,JINDALSAW.NS,77.72,77.72,0.0,35,35
2026-W24,2026-06-12,NEUTRAL,NEUTRAL,ZYDUSLIFE.NS,77.66,77.66,0.0,36,36
2026-W24,2026-06-12,NEUTRAL,NEUTRAL,RBLBANK.NS,77.52,77.52,0.0,37,37
2026-W24,2026-06-12,NEUTRAL,NEUTRAL,BHEL.NS,77.38,77.38,0.0,38,38
2026-W24,2026-06-12,NEUTRAL,NEUTRAL,CRAFTSMAN.NS,77.36,77.36,0.0,39,39
2026-W24,2026-06-12,NEUTRAL,NEUTRAL,AEGISLOG.NS,77.24,77.24,0.0,40,40
2026-W24,2026-06-12,NEUTRAL,NEUTRAL,GRANULES.NS,76.0,76.0,0.0,41,41
2026-W24,2026-06-12,NEUTRAL,NEUTRAL,HFCL.NS,75.76,75.76,0.0,42,42
2026-W24,2026-06-12,NEUTRAL,NEUTRAL,GLAND.NS,75.7,75.7,0.0,43,43
2026-W24,2026-06-12,NEUTRAL,NEUTRAL,FEDERALBNK.NS,75.44,75.44,0.0,44,44
2026-W24,2026-06-12,NEUTRAL,NEUTRAL,MINDACORP.NS,75.34,75.34,0.0,45,45
2026-W24,2026-06-12,NEUTRAL,NEUTRAL,WOCKPHARMA.NS,75.16,75.16,0.0,46,46
2026-W24,2026-06-12,NEUTRAL,NEUTRAL,NLCINDIA.NS,75.06,75.06,0.0,47,47
2026-W24,2026-06-12,NEUTRAL,NEUTRAL,J&KBANK.NS,74.78,74.78,0.0,48,48
2026-W24,2026-06-12,NEUTRAL,NEUTRAL,LLOYDSME.NS,74.74,74.74,0.0,49,49
2026-W24,2026-06-12,NEUTRAL,NEUTRAL,TATACOMM.NS,74.56,74.56,0.0,50,50
2026-W24,2026-06-12,NEUTRAL,NEUTRAL,SAREGAMA.NS,73.88,73.88,0.0,51,51
2026-W24,2026-06-12,NEUTRAL,NEUTRAL,ADANIPOWER.NS,73.32,73.32,0.0,52,52
2026-W24,2026-06-12,NEUTRAL,NEUTRAL,MOTHERSON.NS,72.94,72.94,0.0,53,53
2026-W24,2026-06-12,NEUTRAL,NEUTRAL,TRITURBINE.NS,72.68,72.68,0.0,54,54
2026-W24,2026-06-12,NEUTRAL,NEUTRAL,JBMA.NS,72.54,72.54,0.0,55,55
2026-W24,2026-06-12,NEUTRAL,NEUTRAL,TEJASNET.NS,72.36,72.36,0.0,56,56
2026-W24,2026-06-12,NEUTRAL,NEUTRAL,POLYCAB.NS,72.24,72.24,0.0,57,57
2026-W24,2026-06-12,NEUTRAL,NEUTRAL,GROWW.NS,71.82,71.82,0.0,58,58
2026-W24,2026-06-12,NEUTRAL,NEUTRAL,HONASA.NS,71.74,71.74,0.0,59,59
2026-W24,2026-06-12,NEUTRAL,NEUTRAL,NAM-INDIA.NS,71.32,71.32,0.0,60,60
2026-W24,2026-06-12,NEUTRAL,NEUTRAL,SCHNEIDER.NS,71.28,71.28,0.0,61,61
2026-W24,2026-06-12,NEUTRAL,NEUTRAL,NESTLEIND.NS,70.86,70.86,0.0,62,62
2026-W24,2026-06-12,NEUTRAL,NEUTRAL,STARHEALTH.NS,70.82,70.82,0.0,63,63
2026-W24,2026-06-12,NEUTRAL,NEUTRAL,NUVAMA.NS,70.52,70.52,0.0,64,64
2026-W24,2026-06-12,NEUTRAL,NEUTRAL,ATGL.NS,70.46,70.46,0.0,65,65
2026-W24,2026-06-12,NEUTRAL,NEUTRAL,EMCURE.NS,70.28,70.28,0.0,66,66
2026-W24,2026-06-12,NEUTRAL,NEUTRAL,ZENTEC.NS,70.28,70.28,0.0,67,67
2026-W24,2026-06-12,NEUTRAL,NEUTRAL,APOLLOHOSP.NS,69.94,69.94,0.0,68,68
2026-W24,2026-06-12,NEUTRAL,NEUTRAL,VBL.NS,69.72,69.72,0.0,69,69
2026-W24,2026-06-12,NEUTRAL,NEUTRAL,SAIL.NS,69.6,69.6,0.0,70,70
2026-W24,2026-06-12,NEUTRAL,NEUTRAL,SHYAMMETL.NS,69.52,69.52,0.0,71,71
2026-W24,2026-06-12,NEUTRAL,NEUTRAL,CGCL.NS,69.44,69.44,0.0,72,72
2026-W24,2026-06-12,NEUTRAL,NEUTRAL,IFCI.NS,69.44,69.44,0.0,73,73
2026-W24,2026-06-12,NEUTRAL,NEUTRAL,NIVABUPA.NS,69.32,69.32,0.0,74,74
2026-W24,2026-06-12,NEUTRAL,NEUTRAL,PIRAMALFIN.NS,69.32,69.32,0.0,75,75
2026-W24,2026-06-12,NEUTRAL,NEUTRAL,ELGIEQUIP.NS,69.02,69.02,0.0,76,76
2026-W24,2026-06-12,NEUTRAL,NEUTRAL,ANGELONE.NS,68.84,68.84,0.0,77,77
2026-W24,2026-06-12,NEUTRAL,NEUTRAL,PHOENIXLTD.NS,68.82,68.82,0.0,78,78
2026-W24,2026-06-12,NEUTRAL,NEUTRAL,SOLARINDS.NS,68.62,68.62,0.0,79,79
2026-W24,2026-06-12,NEUTRAL,NEUTRAL,FORTIS.NS,68.52,68.52,0.0,80,80
2026-W24,2026-06-12,NEUTRAL,NEUTRAL,KIMS.NS,68.46,68.46,0.0,81,81
2026-W24,2026-06-12,NEUTRAL,NEUTRAL,RADICO.NS,68.46,68.46,0.0,82,82
2026-W24,2026-06-12,NEUTRAL,NEUTRAL,AIAENG.NS,68.28,68.28,0.0,83,83
2026-W24,2026-06-12,NEUTRAL,NEUTRAL,CONCORDBIO.NS,68.0,68.0,0.0,84,84
2026-W24,2026-06-12,NEUTRAL,NEUTRAL,BALRAMCHIN.NS,67.96,67.96,0.0,85,85
2026-W24,2026-06-12,NEUTRAL,NEUTRAL,SAMMAANCAP.NS,67.94,67.94,0.0,86,86
2026-W24,2026-06-12,NEUTRAL,NEUTRAL,CUMMINSIND.NS,67.78,67.78,0.0,87,87
2026-W24,2026-06-12,NEUTRAL,NEUTRAL,IDFCFIRSTB.NS,67.69,67.69,0.0,88,88
2026-W24,2026-06-12,NEUTRAL,NEUTRAL,IPCALAB.NS,67.66,67.66,0.0,89,89
2026-W24,2026-06-12,NEUTRAL,NEUTRAL,VIJAYA.NS,67.66,67.66,0.0,90,90
2026-W24,2026-06-12,NEUTRAL,NEUTRAL,TITAGARH.NS,67.52,67.52,0.0,91,91
2026-W24,2026-06-12,NEUTRAL,NEUTRAL,NH.NS,67.4,67.4,0.0,92,92
2026-W24,2026-06-12,NEUTRAL,NEUTRAL,PTCIL.NS,67.18,67.18,0.0,93,93
2026-W24,2026-06-12,NEUTRAL,NEUTRAL,TATATECH.NS,66.68,66.68,0.0,94,94
2026-W24,2026-06-12,NEUTRAL,NEUTRAL,JBCHEPHARM.NS,66.48,66.48,0.0,95,95
2026-W24,2026-06-12,NEUTRAL,NEUTRAL,BOSCHLTD.NS,66.46,66.46,0.0,96,96
2026-W24,2026-06-12,NEUTRAL,NEUTRAL,BLUEJET.NS,66.31,66.31,0.0,97,97
2026-W24,2026-06-12,NEUTRAL,NEUTRAL,JSWINFRA.NS,66.04,66.04,0.0,98,98
2026-W24,2026-06-12,NEUTRAL,NEUTRAL,PIDILITIND.NS,66.04,66.04,0.0,99,99
2026-W24,2026-06-12,NEUTRAL,NEUTRAL,ACE.NS,66.0,66.0,0.0,100,100
2026-W24,2026-06-12,NEUTRAL,NEUTRAL,FACT.NS,65.94,65.94,0.0,101,101
2026-W24,2026-06-12,NEUTRAL,NEUTRAL,KPRMILL.NS,65.44,65.44,0.0,102,102
2026-W24,2026-06-12,NEUTRAL,NEUTRAL,CHAMBLFERT.NS,65.36,65.36,0.0,103,103
2026-W24,2026-06-12,NEUTRAL,NEUTRAL,NAVINFLUOR.NS,65.16,65.16,0.0,104,104
2026-W24,2026-06-12,NEUTRAL,NEUTRAL,GRASIM.NS,65.1,65.1,0.0,105,105
2026-W24,2026-06-12,NEUTRAL,NEUTRAL,ANANDRATHI.NS,65.06,65.06,0.0,106,106
2026-W24,2026-06-12,NEUTRAL,NEUTRAL,BEML.NS,65.06,65.06,0.0,107,107
2026-W24,2026-06-12,NEUTRAL,NEUTRAL,CARTRADE.NS,64.96,64.96,0.0,108,108
2026-W24,2026-06-12,NEUTRAL,NEUTRAL,KEI.NS,64.9,64.9,0.0,109,109
2026-W24,2026-06-12,NEUTRAL,NEUTRAL,BANDHANBNK.NS,64.68,64.68,0.0,110,110
2026-W24,2026-06-12,NEUTRAL,NEUTRAL,HONAUT.NS,64.68,64.68,0.0,111,111
2026-W24,2026-06-12,NEUTRAL,NEUTRAL,BIOCON.NS,64.18,64.18,0.0,112,112
2026-W24,2026-06-12,NEUTRAL,NEUTRAL,TORNTPHARM.NS,64.18,64.18,0.0,113,113
2026-W24,2026-06-12,NEUTRAL,NEUTRAL,IIFL.NS,64.09,64.09,0.0,114,114
2026-W24,2026-06-12,NEUTRAL,NEUTRAL,INDGN.NS,64.08,64.08,0.0,115,115
2026-W24,2026-06-12,NEUTRAL,NEUTRAL,SRF.NS,64.04,64.04,0.0,116,116
2026-W24,2026-06-12,NEUTRAL,NEUTRAL,SCI.NS,63.68,63.68,0.0,117,117
2026-W24,2026-06-12,NEUTRAL,NEUTRAL,PFC.NS,63.46,63.46,0.0,118,118
2026-W24,2026-06-12,NEUTRAL,NEUTRAL,ELECON.NS,63.4,63.4,0.0,119,119
2026-W24,2026-06-12,NEUTRAL,NEUTRAL,PAGEIND.NS,63.38,63.38,0.0,120,120
2026-W24,2026-06-12,NEUTRAL,NEUTRAL,USHAMART.NS,63.38,63.38,0.0,121,121
2026-W24,2026-06-12,NEUTRAL,NEUTRAL,DIXON.NS,63.29,63.29,0.0,122,122
2026-W24,2026-06-12,NEUTRAL,NEUTRAL,AJANTPHARM.NS,63.26,63.26,0.0,123,123
2026-W24,2026-06-12,NEUTRAL,NEUTRAL,GRSE.NS,63.24,63.24,0.0,124,124
2026-W24,2026-06-12,NEUTRAL,NEUTRAL,JSWSTEEL.NS,63.22,63.22,0.0,125,125
2026-W24,2026-06-12,NEUTRAL,NEUTRAL,NEULANDLAB.NS,62.92,62.92,0.0,126,126
2026-W24,2026-06-12,NEUTRAL,NEUTRAL,HINDALCO.NS,62.8,62.8,0.0,127,127
2026-W24,2026-06-12,NEUTRAL,NEUTRAL,TEGA.NS,62.68,62.68,0.0,128,128
2026-W24,2026-06-12,NEUTRAL,NEUTRAL,TARIL.NS,62.64,62.64,0.0,129,129
2026-W24,2026-06-12,NEUTRAL,NEUTRAL,GMRAIRPORT.NS,62.42,62.42,0.0,130,130
2026-W24,2026-06-12,NEUTRAL,NEUTRAL,SIEMENS.NS,62.42,62.42,0.0,131,131
2026-W24,2026-06-12,NEUTRAL,NEUTRAL,OLECTRA.NS,62.3,62.3,0.0,132,132
2026-W24,2026-06-12,NEUTRAL,NEUTRAL,KPIL.NS,62.02,62.02,0.0,133,133
2026-W24,2026-06-12,NEUTRAL,NEUTRAL,BSE.NS,61.84,61.84,0.0,134,134
2026-W24,2026-06-12,NEUTRAL,NEUTRAL,FINCABLES.NS,61.78,61.78,0.0,135,135
2026-W24,2026-06-12,NEUTRAL,NEUTRAL,ABB.NS,61.76,61.76,0.0,136,136
2026-W24,2026-06-12,NEUTRAL,NEUTRAL,NMDC.NS,61.7,61.7,0.0,137,137
2026-W24,2026-06-12,NEUTRAL,NEUTRAL,EXIDEIND.NS,61.68,61.68,0.0,138,138
2026-W24,2026-06-12,NEUTRAL,NEUTRAL,TIINDIA.NS,61.68,61.68,0.0,139,139
2026-W24,2026-06-12,NEUTRAL,NEUTRAL,AUROPHARMA.NS,61.66,61.66,0.0,140,140
2026-W24,2026-06-12,NEUTRAL,NEUTRAL,COHANCE.NS,61.52,61.52,0.0,141,141
2026-W24,2026-06-12,NEUTRAL,NEUTRAL,HBLENGINE.NS,61.38,61.38,0.0,142,142
2026-W24,2026-06-12,NEUTRAL,NEUTRAL,SUZLON.NS,61.38,61.38,0.0,143,143
2026-W24,2026-06-12,NEUTRAL,NEUTRAL,ENGINERSIN.NS,61.26,61.26,0.0,144,144
2026-W24,2026-06-12,NEUTRAL,NEUTRAL,JSWDULUX.NS,61.21,61.21,0.0,145,145
2026-W24,2026-06-12,NEUTRAL,NEUTRAL,INTELLECT.NS,60.95,60.95,0.0,146,146
2026-W24,2026-06-12,NEUTRAL,NEUTRAL,CIPLA.NS,60.94,60.94,0.0,147,147
2026-W24,2026-06-12,NEUTRAL,NEUTRAL,PNBHOUSING.NS,60.94,60.94,0.0,148,148
2026-W24,2026-06-12,NEUTRAL,NEUTRAL,IKS.NS,60.9,60.9,0.0,149,149
2026-W24,2026-06-12,NEUTRAL,NEUTRAL,TATAPOWER.NS,60.78,60.78,0.0,150,150
2026-W24,2026-06-12,NEUTRAL,NEUTRAL,HAL.NS,60.64,60.64,0.0,151,151
2026-W24,2026-06-12,NEUTRAL,NEUTRAL,RAINBOW.NS,60.48,60.48,0.0,152,152
2026-W24,2026-06-12,NEUTRAL,NEUTRAL,ASAHIINDIA.NS,60.19,60.19,0.0,153,153
2026-W24,2026-06-12,NEUTRAL,NEUTRAL,ENRIN.NS,60.18,60.18,0.0,154,154
2026-W24,2026-06-12,NEUTRAL,NEUTRAL,ANTHEM.NS,60.16,60.16,0.0,155,155
2026-W24,2026-06-12,NEUTRAL,NEUTRAL,WELSPUNLIV.NS,60.14,60.14,0.0,156,156
2026-W24,2026-06-12,NEUTRAL,NEUTRAL,TIMKEN.NS,60.12,60.12,0.0,157,157
2026-W24,2026-06-12,NEUTRAL,NEUTRAL,MEDANTA.NS,59.68,59.68,0.0,158,158
2026-W24,2026-06-12,NEUTRAL,NEUTRAL,NYKAA.NS,59.48,59.48,0.0,159,159
2026-W24,2026-06-12,NEUTRAL,NEUTRAL,TATACHEM.NS,59.44,59.44,0.0,160,160
2026-W24,2026-06-12,NEUTRAL,NEUTRAL,MARICO.NS,59.4,59.4,0.0,161,161
2026-W24,2026-06-12,NEUTRAL,NEUTRAL,GPIL.NS,59.38,59.38,0.0,162,162
2026-W24,2026-06-12,NEUTRAL,NEUTRAL,ZFCVINDIA.NS,59.36,59.36,0.0,163,163
2026-W24,2026-06-12,NEUTRAL,NEUTRAL,JSWENERGY.NS,59.32,59.32,0.0,164,164
2026-W24,2026-06-12,NEUTRAL,NEUTRAL,ZYDUSWELL.NS,59.2,59.2,0.0,165,165
2026-W24,2026-06-12,NEUTRAL,NEUTRAL,ZEEL.NS,59.14,59.14,0.0,166,166
2026-W24,2026-06-12,NEUTRAL,NEUTRAL,HINDZINC.NS,59.0,59.0,0.0,167,167
2026-W24,2026-06-12,NEUTRAL,NEUTRAL,GMDCLTD.NS,58.96,58.96,0.0,168,168
2026-W24,2026-06-12,NEUTRAL,NEUTRAL,CARBORUNIV.NS,58.88,58.88,0.0,169,169
2026-W24,2026-06-12,NEUTRAL,NEUTRAL,MCX.NS,58.74,58.74,0.0,170,170
2026-W24,2026-06-12,NEUTRAL,NEUTRAL,TATASTEEL.NS,58.74,58.74,0.0,171,171
2026-W24,2026-06-12,NEUTRAL,NEUTRAL,AFCONS.NS,58.52,58.52,0.0,172,172
2026-W24,2026-06-12,NEUTRAL,NEUTRAL,COALINDIA.NS,58.32,58.32,0.0,173,173
2026-W24,2026-06-12,NEUTRAL,NEUTRAL,DRREDDY.NS,58.28,58.28,0.0,174,174
2026-W24,2026-06-12,NEUTRAL,NEUTRAL,DIVISLAB.NS,58.18,58.18,0.0,175,175
2026-W24,2026-06-12,NEUTRAL,NEUTRAL,FLUOROCHEM.NS,58.12,58.12,0.0,176,176
2026-W24,2026-06-12,NEUTRAL,NEUTRAL,NATIONALUM.NS,58.1,58.1,0.0,177,177
2026-W24,2026-06-12,NEUTRAL,NEUTRAL,KOTAKBANK.NS,58.05,58.05,0.0,178,178
2026-W24,2026-06-12,NEUTRAL,NEUTRAL,SUPREMEIND.NS,58.0,58.0,0.0,179,179
2026-W24,2026-06-12,NEUTRAL,NEUTRAL,ASIANPAINT.NS,57.78,57.78,0.0,180,180
2026-W24,2026-06-12,NEUTRAL,NEUTRAL,IGL.NS,57.73,57.73,0.0,181,181
2026-W24,2026-06-12,NEUTRAL,NEUTRAL,CESC.NS,57.68,57.68,0.0,182,182
2026-W24,2026-06-12,NEUTRAL,NEUTRAL,BAJAJ-AUTO.NS,57.56,57.56,0.0,183,183
2026-W24,2026-06-12,NEUTRAL,NEUTRAL,GAIL.NS,57.46,57.46,0.0,184,184
2026-W24,2026-06-12,NEUTRAL,NEUTRAL,TMPV.NS,57.44,57.44,0.0,185,185
2026-W24,2026-06-12,NEUTRAL,NEUTRAL,ITI.NS,57.32,57.32,0.0,186,186
2026-W24,2026-06-12,NEUTRAL,NEUTRAL,GRAPHITE.NS,57.18,57.18,0.0,187,187
2026-W24,2026-06-12,NEUTRAL,NEUTRAL,JWL.NS,56.88,56.88,0.0,188,188
2026-W24,2026-06-12,NEUTRAL,NEUTRAL,RKFORGE.NS,56.86,56.86,0.0,189,189
2026-W24,2026-06-12,NEUTRAL,NEUTRAL,EICHERMOT.NS,56.42,56.42,0.0,190,190
2026-W24,2026-06-12,NEUTRAL,NEUTRAL,PPLPHARMA.NS,56.42,56.42,0.0,191,191
2026-W24,2026-06-12,NEUTRAL,NEUTRAL,SONACOMS.NS,56.28,56.28,0.0,192,192
2026-W24,2026-06-12,NEUTRAL,NEUTRAL,TECHM.NS,56.28,56.28,0.0,193,193
2026-W24,2026-06-12,NEUTRAL,NEUTRAL,ONESOURCE.NS,56.26,56.26,0.0,194,194
2026-W24,2026-06-12,NEUTRAL,NEUTRAL,PCBL.NS,56.14,56.14,0.0,195,195
2026-W24,2026-06-12,NEUTRAL,NEUTRAL,INDUSTOWER.NS,56.02,56.02,0.0,196,196
2026-W24,2026-06-12,NEUTRAL,NEUTRAL,PARADEEP.NS,55.98,55.98,0.0,197,197
2026-W24,2026-06-12,NEUTRAL,NEUTRAL,LENSKART.NS,55.96,55.96,0.0,198,198
2026-W24,2026-06-12,NEUTRAL,NEUTRAL,OFSS.NS,55.78,55.78,0.0,199,199
2026-W24,2026-06-12,NEUTRAL,NEUTRAL,MANKIND.NS,55.66,55.66,0.0,200,200
2026-W24,2026-06-12,NEUTRAL,NEUTRAL,SCHAEFFLER.NS,55.66,55.66,0.0,201,201
2026-W24,2026-06-12,NEUTRAL,NEUTRAL,GLENMARK.NS,55.54,55.54,0.0,202,202
2026-W24,2026-06-12,NEUTRAL,NEUTRAL,JUBLPHARMA.NS,55.52,55.52,0.0,203,203
2026-W24,2026-06-12,NEUTRAL,NEUTRAL,WAAREEENER.NS,55.5,55.5,0.0,204,204
2026-W24,2026-06-12,NEUTRAL,NEUTRAL,SUNPHARMA.NS,55.42,55.42,0.0,205,205
2026-W24,2026-06-12,NEUTRAL,NEUTRAL,ANANTRAJ.NS,55.26,55.26,0.0,206,206
2026-W24,2026-06-12,NEUTRAL,NEUTRAL,ABDL.NS,55.22,55.22,0.0,207,207
2026-W24,2026-06-12,NEUTRAL,NEUTRAL,JSWCEMENT.NS,55.22,55.22,0.0,208,208
2026-W24,2026-06-12,NEUTRAL,NEUTRAL,MRPL.NS,55.22,55.22,0.0,209,209
2026-W24,2026-06-12,NEUTRAL,NEUTRAL,LALPATHLAB.NS,55.16,55.16,0.0,210,210
2026-W24,2026-06-12,NEUTRAL,NEUTRAL,LUPIN.NS,55.04,55.04,0.0,211,211
2026-W24,2026-06-12,NEUTRAL,NEUTRAL,ASTRAL.NS,54.5,54.5,0.0,212,212
2026-W24,2026-06-12,NEUTRAL,NEUTRAL,ANURAS.NS,54.38,54.38,0.0,213,213
2026-W24,2026-06-12,NEUTRAL,NEUTRAL,BANKINDIA.NS,54.16,54.16,0.0,214,214
2026-W24,2026-06-12,NEUTRAL,NEUTRAL,ENDURANCE.NS,54.04,54.04,0.0,215,215
2026-W24,2026-06-12,NEUTRAL,NEUTRAL,NETWEB.NS,53.88,53.88,0.0,216,216
2026-W24,2026-06-12,NEUTRAL,NEUTRAL,AXISBANK.NS,53.8,53.8,0.0,217,217
2026-W24,2026-06-12,NEUTRAL,NEUTRAL,TENNIND.NS,53.8,53.8,0.0,218,218
2026-W24,2026-06-12,NEUTRAL,NEUTRAL,INDUSINDBK.NS,53.62,53.62,0.0,219,219
2026-W24,2026-06-12,NEUTRAL,NEUTRAL,COFORGE.NS,53.53,53.53,0.0,220,220
2026-W24,2026-06-12,NEUTRAL,NEUTRAL,ATUL.NS,53.48,53.48,0.0,221,221
2026-W24,2026-06-12,NEUTRAL,NEUTRAL,NBCC.NS,53.14,53.14,0.0,222,222
2026-W24,2026-06-12,NEUTRAL,NEUTRAL,MMTC.NS,53.04,53.04,0.0,223,223
2026-W24,2026-06-12,NEUTRAL,NEUTRAL,OIL.NS,53.0,53.0,0.0,224,224
2026-W24,2026-06-12,NEUTRAL,NEUTRAL,BIKAJI.NS,52.82,52.82,0.0,225,225
2026-W24,2026-06-12,NEUTRAL,NEUTRAL,BEL.NS,52.74,52.74,0.0,226,226
2026-W24,2026-06-12,NEUTRAL,NEUTRAL,INDHOTEL.NS,52.62,52.62,0.0,227,227
2026-W24,2026-06-12,NEUTRAL,NEUTRAL,NTPCGREEN.NS,52.18,52.18,0.0,228,228
2026-W24,2026-06-12,NEUTRAL,NEUTRAL,JINDALSTEL.NS,52.08,52.08,0.0,229,229
2026-W24,2026-06-12,NEUTRAL,NEUTRAL,HEXT.NS,52.03,52.03,0.0,230,230
2026-W24,2026-06-12,NEUTRAL,NEUTRAL,SUMICHEM.NS,51.88,51.88,0.0,231,231
2026-W24,2026-06-12,NEUTRAL,NEUTRAL,APTUS.NS,51.82,51.82,0.0,232,232
2026-W24,2026-06-12,NEUTRAL,NEUTRAL,SBIN.NS,51.4,51.4,0.0,233,233
2026-W24,2026-06-12,NEUTRAL,NEUTRAL,AARTIIND.NS,51.38,51.38,0.0,234,234
2026-W24,2026-06-12,NEUTRAL,NEUTRAL,CASTROLIND.NS,51.34,51.34,0.0,235,235
2026-W24,2026-06-12,NEUTRAL,NEUTRAL,ABCAPITAL.NS,51.3,51.3,0.0,236,236
2026-W24,2026-06-12,NEUTRAL,NEUTRAL,CAMS.NS,51.3,51.3,0.0,237,237
2026-W24,2026-06-12,NEUTRAL,NEUTRAL,LICHSGFIN.NS,51.3,51.3,0.0,238,238
2026-W24,2026-06-12,NEUTRAL,NEUTRAL,TRAVELFOOD.NS,51.22,51.22,0.0,239,239
2026-W24,2026-06-12,NEUTRAL,NEUTRAL,HINDCOPPER.NS,51.0,51.0,0.0,240,240
2026-W24,2026-06-12,NEUTRAL,NEUTRAL,DEEPAKNTR.NS,50.88,50.88,0.0,241,241
2026-W24,2026-06-12,NEUTRAL,NEUTRAL,GABRIEL.NS,50.8,50.8,0.0,242,242
2026-W24,2026-06-12,NEUTRAL,NEUTRAL,BERGEPAINT.NS,50.76,50.76,0.0,243,243
2026-W24,2026-06-12,NEUTRAL,NEUTRAL,GESHIP.NS,50.72,50.72,0.0,244,244
2026-W24,2026-06-12,NEUTRAL,NEUTRAL,SJVN.NS,50.28,50.28,0.0,245,245
2026-W24,2026-06-12,NEUTRAL,NEUTRAL,TATACAP.NS,50.26,50.26,0.0,246,246
2026-W24,2026-06-12,NEUTRAL,NEUTRAL,NHPC.NS,50.18,50.18,0.0,247,247
2026-W24,2026-06-12,NEUTRAL,NEUTRAL,POWERGRID.NS,50.18,50.18,0.0,248,248
2026-W24,2026-06-12,NEUTRAL,NEUTRAL,ICICIAMC.NS,49.88,49.88,0.0,249,249
2026-W24,2026-06-12,NEUTRAL,NEUTRAL,INDIANB.NS,49.82,49.82,0.0,250,250
2026-W24,2026-06-12,NEUTRAL,NEUTRAL,HUDCO.NS,49.7,49.7,0.0,251,251
2026-W24,2026-06-12,NEUTRAL,NEUTRAL,LT.NS,49.58,49.58,0.0,252,252
2026-W24,2026-06-12,NEUTRAL,NEUTRAL,GODREJIND.NS,49.5,49.5,0.0,253,253
2026-W24,2026-06-12,NEUTRAL,NEUTRAL,360ONE.NS,49.48,49.48,0.0,254,254
2026-W24,2026-06-12,NEUTRAL,NEUTRAL,SARDAEN.NS,49.46,49.46,0.0,255,255
2026-W24,2026-06-12,NEUTRAL,NEUTRAL,MOTILALOFS.NS,49.44,49.44,0.0,256,256
2026-W24,2026-06-12,NEUTRAL,NEUTRAL,NTPC.NS,49.3,49.3,0.0,257,257
2026-W24,2026-06-12,NEUTRAL,NEUTRAL,IGIL.NS,49.22,49.22,0.0,258,258
2026-W24,2026-06-12,NEUTRAL,NEUTRAL,TORNTPOWER.NS,49.18,49.18,0.0,259,259
2026-W24,2026-06-12,NEUTRAL,NEUTRAL,LGEINDIA.NS,49.08,49.08,0.0,260,260
2026-W24,2026-06-12,NEUTRAL,NEUTRAL,MANAPPURAM.NS,48.94,48.94,0.0,261,261
2026-W24,2026-06-12,NEUTRAL,NEUTRAL,MGL.NS,48.84,48.84,0.0,262,262
2026-W24,2026-06-12,NEUTRAL,NEUTRAL,CANFINHOME.NS,48.8,48.8,0.0,263,263
2026-W24,2026-06-12,NEUTRAL,NEUTRAL,TATACONSUM.NS,48.76,48.76,0.0,264,264
2026-W24,2026-06-12,NEUTRAL,NEUTRAL,DELHIVERY.NS,48.68,48.68,0.0,265,265
2026-W24,2026-06-12,NEUTRAL,NEUTRAL,BANKBARODA.NS,48.56,48.56,0.0,266,266
2026-W24,2026-06-12,NEUTRAL,NEUTRAL,RAILTEL.NS,48.52,48.52,0.0,267,267
2026-W24,2026-06-12,NEUTRAL,NEUTRAL,CREDITACC.NS,48.3,48.3,0.0,268,268
2026-W24,2026-06-12,NEUTRAL,NEUTRAL,PETRONET.NS,48.18,48.18,0.0,269,269
2026-W24,2026-06-12,NEUTRAL,NEUTRAL,KAJARIACER.NS,48.08,48.08,0.0,270,270
2026-W24,2026-06-12,NEUTRAL,NEUTRAL,ALKEM.NS,47.92,47.92,0.0,271,271
2026-W24,2026-06-12,NEUTRAL,NEUTRAL,AUBANK.NS,47.86,47.86,0.0,272,272
2026-W24,2026-06-12,NEUTRAL,NEUTRAL,CUB.NS,47.86,47.86,0.0,273,273
2026-W24,2026-06-12,NEUTRAL,NEUTRAL,ICICIBANK.NS,47.8,47.8,0.0,274,274
2026-W24,2026-06-12,NEUTRAL,NEUTRAL,MPHASIS.NS,47.71,47.71,0.0,275,275
2026-W24,2026-06-12,NEUTRAL,NEUTRAL,HEG.NS,47.64,47.64,0.0,276,276
2026-W24,2026-06-12,NEUTRAL,NEUTRAL,COLPAL.NS,47.48,47.48,0.0,277,277
2026-W24,2026-06-12,NEUTRAL,NEUTRAL,LINDEINDIA.NS,47.38,47.38,0.0,278,278
2026-W24,2026-06-12,NEUTRAL,NEUTRAL,GRAVITA.NS,46.96,46.96,0.0,279,279
2026-W24,2026-06-12,NEUTRAL,NEUTRAL,GALLANTT.NS,46.64,46.64,0.0,280,280
2026-W24,2026-06-12,NEUTRAL,NEUTRAL,CIEINDIA.NS,46.4,46.4,0.0,281,281
2026-W24,2026-06-12,NEUTRAL,NEUTRAL,VMM.NS,46.32,46.32,0.0,282,282
2026-W24,2026-06-12,NEUTRAL,NEUTRAL,KARURVYSYA.NS,46.26,46.26,0.0,283,283
2026-W24,2026-06-12,NEUTRAL,NEUTRAL,TMCV.NS,46.14,46.14,0.0,284,284
2026-W24,2026-06-12,NEUTRAL,NEUTRAL,RECLTD.NS,45.82,45.82,0.0,285,285
2026-W24,2026-06-12,NEUTRAL,NEUTRAL,REDINGTON.NS,45.82,45.82,0.0,286,286
2026-W24,2026-06-12,NEUTRAL,NEUTRAL,MEESHO.NS,45.72,45.72,0.0,287,287
2026-W24,2026-06-12,NEUTRAL,NEUTRAL,COROMANDEL.NS,45.48,45.48,0.0,288,288
2026-W24,2026-06-12,NEUTRAL,NEUTRAL,CROMPTON.NS,45.36,45.36,0.0,289,289
2026-W24,2026-06-12,NEUTRAL,NEUTRAL,LICI.NS,45.2,45.2,0.0,290,290
2026-W24,2026-06-12,NEUTRAL,NEUTRAL,GICRE.NS,45.06,45.06,0.0,291,291
2026-W24,2026-06-12,NEUTRAL,NEUTRAL,PERSISTENT.NS,45.03,45.03,0.0,292,292
2026-W24,2026-06-12,NEUTRAL,NEUTRAL,INDIGO.NS,45.0,45.0,0.0,293,293
2026-W24,2026-06-12,NEUTRAL,NEUTRAL,UNIONBANK.NS,44.82,44.82,0.0,294,294
2026-W24,2026-06-12,NEUTRAL,NEUTRAL,ERIS.NS,44.66,44.66,0.0,295,295
2026-W24,2026-06-12,NEUTRAL,NEUTRAL,BAYERCROP.NS,44.48,44.48,0.0,296,296
2026-W24,2026-06-12,NEUTRAL,NEUTRAL,TBOTEK.NS,44.47,44.47,0.0,297,297
2026-W24,2026-06-12,NEUTRAL,NEUTRAL,SYNGENE.NS,44.44,44.44,0.0,298,298
2026-W24,2026-06-12,NEUTRAL,NEUTRAL,NIACL.NS,44.28,44.28,0.0,299,299
2026-W24,2026-06-12,NEUTRAL,NEUTRAL,APLAPOLLO.NS,44.24,44.24,0.0,300,300
2026-W24,2026-06-12,NEUTRAL,NEUTRAL,MAZDOCK.NS,44.24,44.24,0.0,301,301
2026-W24,2026-06-12,NEUTRAL,NEUTRAL,URBANCO.NS,44.12,44.12,0.0,302,302
2026-W24,2026-06-12,NEUTRAL,NEUTRAL,PWL.NS,44.0,44.0,0.0,303,303
2026-W24,2026-06-12,NEUTRAL,NEUTRAL,TATAINVEST.NS,43.8,43.8,0.0,304,304
2026-W24,2026-06-12,NEUTRAL,NEUTRAL,NAVA.NS,43.68,43.68,0.0,305,305
2026-W24,2026-06-12,NEUTRAL,NEUTRAL,ARE&M.NS,43.66,43.66,0.0,306,306
2026-W24,2026-06-12,NEUTRAL,NEUTRAL,OBEROIRLTY.NS,43.52,43.52,0.0,307,307
2026-W24,2026-06-12,NEUTRAL,NEUTRAL,VOLTAS.NS,43.34,43.34,0.0,308,308
2026-W24,2026-06-12,NEUTRAL,NEUTRAL,NUVOCO.NS,43.32,43.32,0.0,309,309
2026-W24,2026-06-12,NEUTRAL,NEUTRAL,AMBER.NS,43.22,43.22,0.0,310,310
2026-W24,2026-06-12,NEUTRAL,NEUTRAL,ASHOKLEY.NS,43.14,43.14,0.0,311,311
2026-W24,2026-06-12,NEUTRAL,NEUTRAL,TATAELXSI.NS,42.75,42.75,0.0,312,312
2026-W24,2026-06-12,NEUTRAL,NEUTRAL,AFFLE.NS,42.74,42.74,0.0,313,313
2026-W24,2026-06-12,NEUTRAL,NEUTRAL,SPLPETRO.NS,42.48,42.48,0.0,314,314
2026-W24,2026-06-12,NEUTRAL,NEUTRAL,FSL.NS,42.32,42.32,0.0,315,315
2026-W24,2026-06-12,NEUTRAL,NEUTRAL,SHRIRAMFIN.NS,42.3,42.3,0.0,316,316
2026-W24,2026-06-12,NEUTRAL,NEUTRAL,JYOTICNC.NS,42.14,42.14,0.0,317,317
2026-W24,2026-06-12,NEUTRAL,NEUTRAL,TITAN.NS,42.08,42.08,0.0,318,318
2026-W24,2026-06-12,NEUTRAL,NEUTRAL,HINDUNILVR.NS,42.02,42.02,0.0,319,319
2026-W24,2026-06-12,NEUTRAL,NEUTRAL,HEROMOTOCO.NS,41.72,41.72,0.0,320,320
2026-W24,2026-06-12,NEUTRAL,NEUTRAL,INOXWIND.NS,41.64,41.64,0.0,321,321
2026-W24,2026-06-12,NEUTRAL,NEUTRAL,ETERNAL.NS,41.56,41.56,0.0,322,322
2026-W24,2026-06-12,NEUTRAL,NEUTRAL,ABBOTINDIA.NS,41.54,41.54,0.0,323,323
2026-W24,2026-06-12,NEUTRAL,NEUTRAL,CANHLIFE.NS,41.32,41.32,0.0,324,324
2026-W24,2026-06-12,NEUTRAL,NEUTRAL,IDBI.NS,41.26,41.26,0.0,325,325
2026-W24,2026-06-12,NEUTRAL,NEUTRAL,ESCORTS.NS,41.14,41.14,0.0,326,326
2026-W24,2026-06-12,NEUTRAL,NEUTRAL,SHREECEM.NS,41.14,41.14,0.0,327,327
2026-W24,2026-06-12,NEUTRAL,NEUTRAL,PRESTIGE.NS,40.82,40.82,0.0,328,328
2026-W24,2026-06-12,NEUTRAL,NEUTRAL,BDL.NS,40.64,40.64,0.0,329,329
2026-W24,2026-06-12,NEUTRAL,NEUTRAL,COCHINSHIP.NS,40.64,40.64,0.0,330,330
2026-W24,2026-06-12,NEUTRAL,NEUTRAL,KAYNES.NS,40.64,40.64,0.0,331,331
2026-W24,2026-06-12,NEUTRAL,NEUTRAL,AADHARHFC.NS,40.56,40.56,0.0,332,332
2026-W24,2026-06-12,NEUTRAL,NEUTRAL,MARUTI.NS,40.42,40.42,0.0,333,333
2026-W24,2026-06-12,NEUTRAL,NEUTRAL,CANBK.NS,40.3,40.3,0.0,334,334
2026-W24,2026-06-12,NEUTRAL,NEUTRAL,HOMEFIRST.NS,40.3,40.3,0.0,335,335
2026-W24,2026-06-12,NEUTRAL,NEUTRAL,PNB.NS,40.3,40.3,0.0,336,336
2026-W24,2026-06-12,NEUTRAL,NEUTRAL,ONGC.NS,40.22,40.22,0.0,337,337
2026-W24,2026-06-12,NEUTRAL,NEUTRAL,SWANCORP.NS,40.1,40.1,0.0,338,338
2026-W24,2026-06-12,NEUTRAL,NEUTRAL,RHIM.NS,39.72,39.72,0.0,339,339
2026-W24,2026-06-12,NEUTRAL,NEUTRAL,HDFCAMC.NS,39.7,39.7,0.0,340,340
2026-W24,2026-06-12,NEUTRAL,NEUTRAL,IREDA.NS,39.7,39.7,0.0,341,341
2026-W24,2026-06-12,NEUTRAL,NEUTRAL,UPL.NS,39.6,39.6,0.0,342,342
2026-W24,2026-06-12,NEUTRAL,NEUTRAL,JUBLINGREA.NS,39.42,39.42,0.0,343,343
2026-W24,2026-06-12,NEUTRAL,NEUTRAL,SUNTV.NS,39.34,39.34,0.0,344,344
2026-W24,2026-06-12,NEUTRAL,NEUTRAL,VEDL.NS,38.96,38.96,0.0,345,345
2026-W24,2026-06-12,NEUTRAL,NEUTRAL,GILLETTE.NS,38.48,38.48,0.0,346,346
2026-W24,2026-06-12,NEUTRAL,NEUTRAL,APOLLOTYRE.NS,38.4,38.4,0.0,347,347
2026-W24,2026-06-12,NEUTRAL,NEUTRAL,DMART.NS,38.18,38.18,0.0,348,348
2026-W24,2026-06-12,NEUTRAL,NEUTRAL,PVRINOX.NS,38.06,38.06,0.0,349,349
2026-W24,2026-06-12,NEUTRAL,NEUTRAL,HYUNDAI.NS,37.78,37.78,0.0,350,350
2026-W24,2026-06-12,NEUTRAL,NEUTRAL,TRENT.NS,37.62,37.62,0.0,351,351
2026-W24,2026-06-12,NEUTRAL,NEUTRAL,JSL.NS,37.46,37.46,0.0,352,352
2026-W24,2026-06-12,NEUTRAL,NEUTRAL,CLEAN.NS,37.38,37.38,0.0,353,353
2026-W24,2026-06-12,NEUTRAL,NEUTRAL,ULTRACEMCO.NS,37.2,37.2,0.0,354,354
2026-W24,2026-06-12,NEUTRAL,NEUTRAL,HDFCBANK.NS,37.12,37.12,0.0,355,355
2026-W24,2026-06-12,NEUTRAL,NEUTRAL,POLYMED.NS,36.94,36.94,0.0,356,356
2026-W24,2026-06-12,NEUTRAL,NEUTRAL,M&M.NS,36.9,36.9,0.0,357,357
2026-W24,2026-06-12,NEUTRAL,NEUTRAL,TVSMOTOR.NS,36.9,36.9,0.0,358,358
2026-W24,2026-06-12,NEUTRAL,NEUTRAL,UNOMINDA.NS,36.9,36.9,0.0,359,359
2026-W24,2026-06-12,NEUTRAL,NEUTRAL,FORCEMOT.NS,36.8,36.8,0.0,360,360
2026-W24,2026-06-12,NEUTRAL,NEUTRAL,PFIZER.NS,36.78,36.78,0.0,361,361
2026-W24,2026-06-12,NEUTRAL,NEUTRAL,MRF.NS,36.66,36.66,0.0,362,362
2026-W24,2026-06-12,NEUTRAL,NEUTRAL,HINDPETRO.NS,36.46,36.46,0.0,363,363
2026-W24,2026-06-12,NEUTRAL,NEUTRAL,GODFRYPHLP.NS,36.44,36.44,0.0,364,364
2026-W24,2026-06-12,NEUTRAL,NEUTRAL,THELEELA.NS,36.38,36.38,0.0,365,365
2026-W24,2026-06-12,NEUTRAL,NEUTRAL,JAINREC.NS,36.36,36.36,0.0,366,366
2026-W24,2026-06-12,NEUTRAL,NEUTRAL,PAYTM.NS,36.26,36.26,0.0,367,367
2026-W24,2026-06-12,NEUTRAL,NEUTRAL,INDIAMART.NS,36.12,36.12,0.0,368,368
2026-W24,2026-06-12,NEUTRAL,NEUTRAL,AIIL.NS,35.84,35.84,0.0,369,369
2026-W24,2026-06-12,NEUTRAL,NEUTRAL,IRFC.NS,35.82,35.82,0.0,370,370
2026-W24,2026-06-12,NEUTRAL,NEUTRAL,JKTYRE.NS,35.8,35.8,0.0,371,371
2026-W24,2026-06-12,NEUTRAL,NEUTRAL,AAVAS.NS,35.72,35.72,0.0,372,372
2026-W24,2026-06-12,NEUTRAL,NEUTRAL,IOC.NS,35.72,35.72,0.0,373,373
2026-W24,2026-06-12,NEUTRAL,NEUTRAL,RELIANCE.NS,35.44,35.44,0.0,374,374
2026-W24,2026-06-12,NEUTRAL,NEUTRAL,CEATLTD.NS,35.4,35.4,0.0,375,375
2026-W24,2026-06-12,NEUTRAL,NEUTRAL,BHARTIHEXA.NS,35.26,35.26,0.0,376,376
2026-W24,2026-06-12,NEUTRAL,NEUTRAL,MAXHEALTH.NS,35.06,35.06,0.0,377,377
2026-W24,2026-06-12,NEUTRAL,NEUTRAL,BALKRISIND.NS,34.6,34.6,0.0,378,378
2026-W24,2026-06-12,NEUTRAL,NEUTRAL,GLAXO.NS,34.28,34.28,0.0,379,379
2026-W24,2026-06-12,NEUTRAL,NEUTRAL,BHARTIARTL.NS,34.26,34.26,0.0,380,380
2026-W24,2026-06-12,NEUTRAL,NEUTRAL,CRISIL.NS,34.22,34.22,0.0,381,381
2026-W24,2026-06-12,NEUTRAL,NEUTRAL,CHOLAFIN.NS,33.82,33.82,0.0,382,382
2026-W24,2026-06-12,NEUTRAL,NEUTRAL,GODREJCP.NS,33.82,33.82,0.0,383,383
2026-W24,2026-06-12,NEUTRAL,NEUTRAL,BRITANNIA.NS,33.56,33.56,0.0,384,384
2026-W24,2026-06-12,NEUTRAL,NEUTRAL,CDSL.NS,33.56,33.56,0.0,385,385
2026-W24,2026-06-12,NEUTRAL,NEUTRAL,SBFC.NS,33.56,33.56,0.0,386,386
2026-W24,2026-06-12,NEUTRAL,NEUTRAL,DOMS.NS,33.46,33.46,0.0,387,387
2026-W24,2026-06-12,NEUTRAL,NEUTRAL,NATCOPHARM.NS,33.32,33.32,0.0,388,388
2026-W24,2026-06-12,NEUTRAL,NEUTRAL,KFINTECH.NS,33.3,33.3,0.0,389,389
2026-W24,2026-06-12,NEUTRAL,NEUTRAL,BPCL.NS,33.22,33.22,0.0,390,390
2026-W24,2026-06-12,NEUTRAL,NEUTRAL,SUNDARMFIN.NS,33.22,33.22,0.0,391,391
2026-W24,2026-06-12,NEUTRAL,NEUTRAL,SBICARD.NS,33.2,33.2,0.0,392,392
2026-W24,2026-06-12,NEUTRAL,NEUTRAL,LTTS.NS,33.14,33.14,0.0,393,393
2026-W24,2026-06-12,NEUTRAL,NEUTRAL,AEGISVOPAK.NS,32.98,32.98,0.0,394,394
2026-W24,2026-06-12,NEUTRAL,NEUTRAL,BLUEDART.NS,32.7,32.7,0.0,395,395
2026-W24,2026-06-12,NEUTRAL,NEUTRAL,ECLERX.NS,32.68,32.68,0.0,396,396
2026-W24,2026-06-12,NEUTRAL,NEUTRAL,BAJAJHLDNG.NS,32.44,32.44,0.0,397,397
2026-W24,2026-06-12,NEUTRAL,NEUTRAL,BAJFINANCE.NS,32.3,32.3,0.0,398,398
2026-W24,2026-06-12,NEUTRAL,NEUTRAL,IEX.NS,32.3,32.3,0.0,399,399
2026-W24,2026-06-12,NEUTRAL,NEUTRAL,JIOFIN.NS,32.3,32.3,0.0,400,400
2026-W24,2026-06-12,NEUTRAL,NEUTRAL,HDFCLIFE.NS,32.2,32.2,0.0,401,401
2026-W24,2026-06-12,NEUTRAL,NEUTRAL,CONCOR.NS,32.18,32.18,0.0,402,402
2026-W24,2026-06-12,NEUTRAL,NEUTRAL,HAVELLS.NS,32.08,32.08,0.0,403,403
2026-W24,2026-06-12,NEUTRAL,NEUTRAL,INDIACEM.NS,32.08,32.08,0.0,404,404
2026-W24,2026-06-12,NEUTRAL,NEUTRAL,PIIND.NS,32.02,32.02,0.0,405,405
2026-W24,2026-06-12,NEUTRAL,NEUTRAL,PGEL.NS,31.82,31.82,0.0,406,406
2026-W24,2026-06-12,NEUTRAL,NEUTRAL,PINELABS.NS,31.82,31.82,0.0,407,407
2026-W24,2026-06-12,NEUTRAL,NEUTRAL,AWL.NS,31.72,31.72,0.0,408,408
2026-W24,2026-06-12,NEUTRAL,NEUTRAL,GODIGIT.NS,31.7,31.7,0.0,409,409
2026-W24,2026-06-12,NEUTRAL,NEUTRAL,MFSL.NS,31.54,31.54,0.0,410,410
2026-W24,2026-06-12,NEUTRAL,NEUTRAL,ICICIGI.NS,31.5,31.5,0.0,411,411
2026-W24,2026-06-12,NEUTRAL,NEUTRAL,CHOICEIN.NS,30.8,30.8,0.0,412,412
2026-W24,2026-06-12,NEUTRAL,NEUTRAL,UBL.NS,30.8,30.8,0.0,413,413
2026-W24,2026-06-12,NEUTRAL,NEUTRAL,CHALET.NS,30.76,30.76,0.0,414,414
2026-W24,2026-06-12,NEUTRAL,NEUTRAL,POLICYBZR.NS,30.74,30.74,0.0,415,415
2026-W24,2026-06-12,NEUTRAL,NEUTRAL,SOBHA.NS,30.72,30.72,0.0,416,416
2026-W24,2026-06-12,NEUTRAL,NEUTRAL,SBILIFE.NS,30.66,30.66,0.0,417,417
2026-W24,2026-06-12,NEUTRAL,NEUTRAL,BAJAJHFL.NS,30.56,30.56,0.0,418,418
2026-W24,2026-06-12,NEUTRAL,NEUTRAL,PATANJALI.NS,30.56,30.56,0.0,419,419
2026-W24,2026-06-12,NEUTRAL,NEUTRAL,BLUESTARCO.NS,30.28,30.28,0.0,420,420
2026-W24,2026-06-12,NEUTRAL,NEUTRAL,HDBFS.NS,30.22,30.22,0.0,421,421
2026-W24,2026-06-12,NEUTRAL,NEUTRAL,KALYANKJIL.NS,30.22,30.22,0.0,422,422
2026-W24,2026-06-12,NEUTRAL,NEUTRAL,FIVESTAR.NS,30.2,30.2,0.0,423,423
2026-W24,2026-06-12,NEUTRAL,NEUTRAL,ICICIPRULI.NS,30.2,30.2,0.0,424,424
2026-W24,2026-06-12,NEUTRAL,NEUTRAL,NCC.NS,29.82,29.82,0.0,425,425
2026-W24,2026-06-12,NEUTRAL,NEUTRAL,UNITDSPR.NS,29.8,29.8,0.0,426,426
2026-W24,2026-06-12,NEUTRAL,NEUTRAL,DABUR.NS,29.76,29.76,0.0,427,427
2026-W24,2026-06-12,NEUTRAL,NEUTRAL,LTF.NS,29.7,29.7,0.0,428,428
2026-W24,2026-06-12,NEUTRAL,NEUTRAL,BBTC.NS,29.32,29.32,0.0,429,429
2026-W24,2026-06-12,NEUTRAL,NEUTRAL,SAPPHIRE.NS,29.32,29.32,0.0,430,430
2026-W24,2026-06-12,NEUTRAL,NEUTRAL,ITC.NS,29.26,29.26,0.0,431,431
2026-W24,2026-06-12,NEUTRAL,NEUTRAL,KEC.NS,29.26,29.26,0.0,432,432
2026-W24,2026-06-12,NEUTRAL,NEUTRAL,BAJAJFINSV.NS,29.2,29.2,0.0,433,433
2026-W24,2026-06-12,NEUTRAL,NEUTRAL,MUTHOOTFIN.NS,28.82,28.82,0.0,434,434
2026-W24,2026-06-12,NEUTRAL,NEUTRAL,M&MFIN.NS,28.7,28.7,0.0,435,435
2026-W24,2026-06-12,NEUTRAL,NEUTRAL,RITES.NS,28.36,28.36,0.0,436,436
2026-W24,2026-06-12,NEUTRAL,NEUTRAL,EMAMILTD.NS,28.22,28.22,0.0,437,437
2026-W24,2026-06-12,NEUTRAL,NEUTRAL,LODHA.NS,28.22,28.22,0.0,438,438
2026-W24,2026-06-12,NEUTRAL,NEUTRAL,ACC.NS,28.2,28.2,0.0,439,439
2026-W24,2026-06-12,NEUTRAL,NEUTRAL,EIDPARRY.NS,28.2,28.2,0.0,440,440
2026-W24,2026-06-12,NEUTRAL,NEUTRAL,JMFINANCIL.NS,28.2,28.2,0.0,441,441
2026-W24,2026-06-12,NEUTRAL,NEUTRAL,POONAWALLA.NS,28.2,28.2,0.0,442,442
2026-W24,2026-06-12,NEUTRAL,NEUTRAL,BLS.NS,28.18,28.18,0.0,443,443
2026-W24,2026-06-12,NEUTRAL,NEUTRAL,AMBUJACEM.NS,28.08,28.08,0.0,444,444
2026-W24,2026-06-12,NEUTRAL,NEUTRAL,UTIAMC.NS,27.56,27.56,0.0,445,445
2026-W24,2026-06-12,NEUTRAL,NEUTRAL,3MINDIA.NS,27.5,27.5,0.0,446,446
2026-W24,2026-06-12,NEUTRAL,NEUTRAL,SONATSOFTW.NS,27.24,27.24,0.0,447,447
2026-W24,2026-06-12,NEUTRAL,NEUTRAL,CHOLAHLDNG.NS,27.2,27.2,0.0,448,448
2026-W24,2026-06-12,NEUTRAL,NEUTRAL,LTFOODS.NS,26.7,26.7,0.0,449,449
2026-W24,2026-06-12,NEUTRAL,NEUTRAL,JKCEMENT.NS,26.6,26.6,0.0,450,450
2026-W24,2026-06-12,NEUTRAL,NEUTRAL,BATAINDIA.NS,26.32,26.32,0.0,451,451
2026-W24,2026-06-12,NEUTRAL,NEUTRAL,KPITTECH.NS,26.28,26.28,0.0,452,452
2026-W24,2026-06-12,NEUTRAL,NEUTRAL,RAMCOCEM.NS,26.14,26.14,0.0,453,453
2026-W24,2026-06-12,NEUTRAL,NEUTRAL,ITCHOTELS.NS,25.82,25.82,0.0,454,454
2026-W24,2026-06-12,NEUTRAL,NEUTRAL,IRCON.NS,25.76,25.76,0.0,455,455
2026-W24,2026-06-12,NEUTRAL,NEUTRAL,RVNL.NS,25.76,25.76,0.0,456,456
2026-W24,2026-06-12,NEUTRAL,NEUTRAL,SWIGGY.NS,25.52,25.52,0.0,457,457
2026-W24,2026-06-12,NEUTRAL,NEUTRAL,FIRSTCRY.NS,25.46,25.46,0.0,458,458
2026-W24,2026-06-12,NEUTRAL,NEUTRAL,DLF.NS,25.32,25.32,0.0,459,459
2026-W24,2026-06-12,NEUTRAL,NEUTRAL,TECHNOE.NS,25.0,25.0,0.0,460,460
2026-W24,2026-06-12,NEUTRAL,NEUTRAL,NAUKRI.NS,24.82,24.82,0.0,461,461
2026-W24,2026-06-12,NEUTRAL,NEUTRAL,IRCTC.NS,24.56,24.56,0.0,462,462
2026-W24,2026-06-12,NEUTRAL,NEUTRAL,DALBHARAT.NS,24.08,24.08,0.0,463,463
2026-W24,2026-06-12,NEUTRAL,NEUTRAL,HCLTECH.NS,24.0,24.0,0.0,464,464
2026-W24,2026-06-12,NEUTRAL,NEUTRAL,GODREJPROP.NS,23.72,23.72,0.0,465,465
2026-W24,2026-06-12,NEUTRAL,NEUTRAL,LTM.NS,23.64,23.64,0.0,466,466
2026-W24,2026-06-12,NEUTRAL,NEUTRAL,WHIRLPOOL.NS,23.22,23.22,0.0,467,467
2026-W24,2026-06-12,NEUTRAL,NEUTRAL,ABLBL.NS,23.06,23.06,0.0,468,468
2026-W24,2026-06-12,NEUTRAL,NEUTRAL,DCMSHRIRAM.NS,23.0,23.0,0.0,469,469
2026-W24,2026-06-12,NEUTRAL,NEUTRAL,NEWGEN.NS,22.78,22.78,0.0,470,470
2026-W24,2026-06-12,NEUTRAL,NEUTRAL,BSOFT.NS,22.64,22.64,0.0,471,471
2026-W24,2026-06-12,NEUTRAL,NEUTRAL,TCS.NS,22.64,22.64,0.0,472,472
2026-W24,2026-06-12,NEUTRAL,NEUTRAL,INFY.NS,22.2,22.2,0.0,473,473
2026-W24,2026-06-12,NEUTRAL,NEUTRAL,CYIENT.NS,21.56,21.56,0.0,474,474
2026-W24,2026-06-12,NEUTRAL,NEUTRAL,SIGNATURE.NS,21.56,21.56,0.0,475,475
2026-W24,2026-06-12,NEUTRAL,NEUTRAL,DEVYANI.NS,21.46,21.46,0.0,476,476
2026-W24,2026-06-12,NEUTRAL,NEUTRAL,JUBLFOOD.NS,21.46,21.46,0.0,477,477
2026-W24,2026-06-12,NEUTRAL,NEUTRAL,ABFRL.NS,20.96,20.96,0.0,478,478
2026-W24,2026-06-12,NEUTRAL,NEUTRAL,LATENTVIEW.NS,20.88,20.88,0.0,479,479
2026-W24,2026-06-12,NEUTRAL,NEUTRAL,ABREL.NS,20.72,20.72,0.0,480,480
2026-W24,2026-06-12,NEUTRAL,NEUTRAL,LEMONTREE.NS,20.46,20.46,0.0,481,481
2026-W24,2026-06-12,NEUTRAL,NEUTRAL,WIPRO.NS,20.22,20.22,0.0,482,482
2026-W24,2026-06-12,NEUTRAL,NEUTRAL,BRIGADE.NS,19.72,19.72,0.0,483,483
2026-W24,2026-06-12,NEUTRAL,NEUTRAL,ZENSARTECH.NS,19.14,19.14,0.0,484,484
2026-W24,2026-06-12,NEUTRAL,NEUTRAL,MAPMYINDIA.NS,18.14,18.14,0.0,485,485
2026-W24,2026-06-12,NEUTRAL,NEUTRAL,EIHOTEL.NS,16.96,16.96,0.0,486,486
