week_id,date,ticker,sector,rank,score,grade,status,bucket,rs_nifty,rs_sector
2026-W24,2026-06-14,HFCL.NS,Telecommunication,1.0,100.0,A+,MARKET_LEADER,TOP_10,127.036,114.636
2026-W24,2026-06-14,CPPLUS.NS,Capital Goods,2.0,99.8,A+,MARKET_LEADER,TOP_10,109.228,91.533
2026-W24,2026-06-14,IFCI.NS,Financial Services,3.0,99.6,A+,MARKET_LEADER,TOP_10,65.664,61.318
2026-W24,2026-06-14,ACUTAAS.NS,Healthcare,4.0,99.4,A+,MARKET_LEADER,TOP_10,65.438,52.331
2026-W24,2026-06-14,EMMVEE.NS,Capital Goods,5.0,99.2,A+,MARKET_LEADER,TOP_10,66.596,48.901
2026-W24,2026-06-14,CEMPRO.NS,Construction,6.0,99.0,A+,MARKET_LEADER,TOP_10,58.423,55.699
2026-W24,2026-06-14,APARINDS.NS,Capital Goods,7.0,98.8,A+,MARKET_LEADER,TOP_10,64.817,47.122
2026-W24,2026-06-14,SYRMA.NS,Capital Goods,8.0,98.6,A+,MARKET_LEADER,TOP_10,63.386,45.691
2026-W24,2026-06-14,WELCORP.NS,Capital Goods,9.0,98.4,A+,MARKET_LEADER,TOP_10,62.877,45.182
2026-W24,2026-06-14,HONASA.NS,Fast Moving Consumer Goods,10.0,98.2,A+,MARKET_LEADER,TOP_10,51.952,49.406
2026-W24,2026-06-14,OLAELEC.NS,Automobile and Auto Components,11.0,98.0,A+,MARKET_LEADER,TOP_10,53.565,44.225
2026-W24,2026-06-14,NETWEB.NS,Information Technology,12.0,97.8,A+,MARKET_LEADER,TOP_10,43.748,51.375
2026-W24,2026-06-14,POWERINDIA.NS,Capital Goods,13.0,97.6,A+,MARKET_LEADER,TOP_10,55.497,37.802
2026-W24,2026-06-14,ADANIGREEN.NS,Power,14.0,97.4,A+,MARKET_LEADER,TOP_10,52.78,40.284
2026-W24,2026-06-14,DATAPATTNS.NS,Capital Goods,15.0,97.2,A+,MARKET_LEADER,TOP_10,54.563,36.868
2026-W24,2026-06-14,THERMAX.NS,Capital Goods,16.0,97.0,A+,MARKET_LEADER,TOP_10,54.303,36.608
2026-W24,2026-06-14,ADANIPOWER.NS,Power,17.0,96.8,A+,MARKET_LEADER,TOP_10,51.684,39.188
2026-W24,2026-06-14,ATHERENERG.NS,Automobile and Auto Components,18.0,96.6,A+,MARKET_LEADER,TOP_10,50.094,40.754
2026-W24,2026-06-14,KIRLOSENG.NS,Capital Goods,19.0,96.4,A+,MARKET_LEADER,TOP_10,54.076,36.381
2026-W24,2026-06-14,MAHABANK.NS,Financial Services,20.0,96.2,A+,MARKET_LEADER,TOP_10,46.087,41.741
2026-W24,2026-06-14,ACMESOLAR.NS,Power,21.0,96.0,A+,MARKET_LEADER,TOP_10,49.79,37.294
2026-W24,2026-06-14,HSCL.NS,Chemicals,22.0,95.8,A+,MARKET_LEADER,TOP_10,47.315,38.585
2026-W24,2026-06-14,GVT&D.NS,Capital Goods,23.0,95.6,A+,MARKET_LEADER,TOP_10,51.778,34.083
2026-W24,2026-06-14,ADANIENSOL.NS,Power,24.0,95.4,A+,MARKET_LEADER,TOP_10,49.011,36.515
2026-W24,2026-06-14,J&KBANK.NS,Financial Services,25.0,95.2,A+,MARKET_LEADER,TOP_10,43.72,39.374
2026-W24,2026-06-14,RRKABEL.NS,Capital Goods,26.0,95.0,A+,MARKET_LEADER,TOP_10,50.183,32.488
2026-W24,2026-06-14,WOCKPHARMA.NS,Healthcare,27.0,94.8,A+,MARKET_LEADER,TOP_10,47.852,34.745
2026-W24,2026-06-14,AEGISLOG.NS,Oil Gas & Consumable Fuels,28.0,94.6,A+,MARKET_LEADER,TOP_10,44.503,37.264
2026-W24,2026-06-14,ANGELONE.NS,Financial Services,29.0,94.4,A+,MARKET_LEADER,TOP_10,42.347,38.001
2026-W24,2026-06-14,BSE.NS,Financial Services,30.0,94.2,A+,MARKET_LEADER,TOP_10,42.101,37.755
2026-W24,2026-06-14,IDEA.NS,Telecommunication,31.0,94.0,A+,MARKET_LEADER,TOP_10,43.333,30.933
2026-W24,2026-06-14,DEEPAKFERT.NS,Chemicals,32.0,93.8,A+,MARKET_LEADER,TOP_10,37.905,29.175
2026-W24,2026-06-14,LLOYDSME.NS,Metals & Mining,33.0,93.6,A+,MARKET_LEADER,TOP_10,40.696,25.204
2026-W24,2026-06-14,TATATECH.NS,Information Technology,34.0,93.4,A+,MARKET_LEADER,TOP_10,28.738,36.365
2026-W24,2026-06-14,OFSS.NS,Information Technology,35.0,93.2,A+,MARKET_LEADER,TOP_10,27.793,35.42
2026-W24,2026-06-14,ABSLAMC.NS,Financial Services,36.0,93.0,A+,MARKET_LEADER,TOP_10,33.414,29.068
2026-W24,2026-06-14,BELRISE.NS,Automobile and Auto Components,37.0,92.8,A+,MARKET_LEADER,TOP_10,34.304,24.964
2026-W24,2026-06-14,BANDHANBNK.NS,Financial Services,38.0,92.6,A+,MARKET_LEADER,TOP_10,31.709,27.363
2026-W24,2026-06-14,GLAND.NS,Healthcare,39.0,92.4,A+,MARKET_LEADER,TOP_10,36.053,22.946
2026-W24,2026-06-14,JINDALSAW.NS,Capital Goods,40.0,92.2,A+,MARKET_LEADER,TOP_10,37.981,20.286
2026-W24,2026-06-14,GRANULES.NS,Healthcare,41.0,92.0,A+,MARKET_LEADER,TOP_10,35.48,22.373
2026-W24,2026-06-14,GROWW.NS,Financial Services,42.0,91.8,A+,MARKET_LEADER,TOP_10,30.972,26.626
2026-W24,2026-06-14,SAREGAMA.NS,Media Entertainment & Publication,43.0,91.6,A+,MARKET_LEADER,TOP_10,35.709,20.938
2026-W24,2026-06-14,ADANIENT.NS,Metals & Mining,44.0,91.4,A+,MARKET_LEADER,TOP_10,36.001,20.509
2026-W24,2026-06-14,LAURUSLABS.NS,Healthcare,45.0,91.2,A+,MARKET_LEADER,TOP_10,34.696,21.589
2026-W24,2026-06-14,CAPLIPOINT.NS,Healthcare,46.0,91.0,A+,MARKET_LEADER,TOP_10,34.357,21.25
2026-W24,2026-06-14,NAM-INDIA.NS,Financial Services,47.0,90.8,A+,MARKET_LEADER,TOP_10,29.526,25.18
2026-W24,2026-06-14,BHEL.NS,Capital Goods,48.0,90.6,A+,MARKET_LEADER,TOP_10,36.083,18.388
2026-W24,2026-06-14,TEJASNET.NS,Telecommunication,49.0,90.4,A+,MARKET_LEADER,TOP_10,33.033,20.633
2026-W24,2026-06-14,PIRAMALFIN.NS,Financial Services,50.0,90.2,A+,MARKET_LEADER,TOP_10,27.723,23.377
2026-W24,2026-06-14,SOLARINDS.NS,Chemicals,51.0,90.0,A,SECTOR_LEADER,TOP_20,29.889,21.159
2026-W24,2026-06-14,SAILIFE.NS,Healthcare,52.0,89.8,A,SECTOR_LEADER,TOP_20,31.999,18.892
2026-W24,2026-06-14,ATGL.NS,Oil Gas & Consumable Fuels,53.0,89.6,A,SECTOR_LEADER,TOP_20,29.064,21.825
2026-W24,2026-06-14,VTL.NS,Textiles,54.0,89.4,A,SECTOR_LEADER,TOP_20,31.831,18.593
2026-W24,2026-06-14,ZEEL.NS,Media Entertainment & Publication,55.0,89.2,A,SECTOR_LEADER,TOP_20,32.497,17.726
2026-W24,2026-06-14,SAMMAANCAP.NS,Financial Services,56.0,89.0,A,SECTOR_LEADER,TOP_20,26.834,22.488
2026-W24,2026-06-14,CGPOWER.NS,Capital Goods,57.0,88.8,A,SECTOR_LEADER,TOP_20,32.91,15.215
2026-W24,2026-06-14,ZENTEC.NS,Capital Goods,58.0,88.6,A,SECTOR_LEADER,TOP_20,32.854,15.159
2026-W24,2026-06-14,CHENNPETRO.NS,Oil Gas & Consumable Fuels,59.0,88.4,A,SECTOR_LEADER,TOP_20,27.38,20.141
2026-W24,2026-06-14,BHARATFORG.NS,Automobile and Auto Components,60.0,88.2,A,SECTOR_LEADER,TOP_20,28.276,18.936
2026-W24,2026-06-14,SCHNEIDER.NS,Capital Goods,61.0,88.0,A,SECTOR_LEADER,TOP_20,32.241,14.546
2026-W24,2026-06-14,TRITURBINE.NS,Capital Goods,62.0,87.8,A,SECTOR_LEADER,TOP_20,31.93,14.235
2026-W24,2026-06-14,SAIL.NS,Metals & Mining,63.0,87.6,A,SECTOR_LEADER,TOP_20,30.61,15.118
2026-W24,2026-06-14,ZYDUSWELL.NS,Fast Moving Consumer Goods,64.0,87.4,A,SECTOR_LEADER,TOP_20,24.084,21.538
2026-W24,2026-06-14,MCX.NS,Financial Services,65.0,87.2,A,SECTOR_LEADER,TOP_20,24.715,20.369
2026-W24,2026-06-14,NAVINFLUOR.NS,Chemicals,66.0,87.0,A,SECTOR_LEADER,TOP_20,26.627,17.897
2026-W24,2026-06-14,VIJAYA.NS,Healthcare,67.0,86.8,A,SECTOR_LEADER,TOP_20,28.736,15.629
2026-W24,2026-06-14,POLYCAB.NS,Capital Goods,68.0,86.6,A,NEUTRAL,TOP_20,30.672,12.977
2026-W24,2026-06-14,ASTERDM.NS,Healthcare,69.0,86.4,A,SECTOR_LEADER,TOP_20,28.259,15.152
2026-W24,2026-06-14,FINCABLES.NS,Capital Goods,70.0,86.2,A,NEUTRAL,TOP_20,30.529,12.834
2026-W24,2026-06-14,RBLBANK.NS,Financial Services,71.0,86.0,A,SECTOR_LEADER,TOP_20,23.679,19.333
2026-W24,2026-06-14,SCI.NS,Services,72.0,85.8,A,SECTOR_LEADER,TOP_20,26.506,15.93
2026-W24,2026-06-14,JBMA.NS,Automobile and Auto Components,73.0,85.6,A,SECTOR_LEADER,TOP_20,25.885,16.545
2026-W24,2026-06-14,MMTC.NS,Services,74.0,85.4,A,SECTOR_LEADER,TOP_20,26.396,15.82
2026-W24,2026-06-14,NLCINDIA.NS,Power,75.0,85.2,A,SECTOR_LEADER,TOP_20,27.256,14.76
2026-W24,2026-06-14,FEDERALBNK.NS,Financial Services,76.0,85.0,A,SECTOR_LEADER,TOP_20,23.15,18.804
2026-W24,2026-06-14,NUVAMA.NS,Financial Services,77.0,84.8,A,SECTOR_LEADER,TOP_20,22.982,18.636
2026-W24,2026-06-14,ABDL.NS,Fast Moving Consumer Goods,78.0,84.6,A,SECTOR_LEADER,TOP_20,21.787,19.241
2026-W24,2026-06-14,KEI.NS,Capital Goods,79.0,84.4,A,NEUTRAL,TOP_20,29.107,11.412
2026-W24,2026-06-14,MOTHERSON.NS,Automobile and Auto Components,80.0,84.2,A,SECTOR_LEADER,TOP_20,24.854,15.514
2026-W24,2026-06-14,CRAFTSMAN.NS,Automobile and Auto Components,81.0,84.0,A,SECTOR_LEADER,TOP_20,24.601,15.261
2026-W24,2026-06-14,ADANIPORTS.NS,Services,82.0,83.8,A,SECTOR_LEADER,TOP_20,25.001,14.425
2026-W24,2026-06-14,BALRAMCHIN.NS,Fast Moving Consumer Goods,83.0,83.6,A,SECTOR_LEADER,TOP_20,20.983,18.437
2026-W24,2026-06-14,CGCL.NS,Financial Services,84.0,83.4,A,SECTOR_LEADER,TOP_20,21.13,16.784
2026-W24,2026-06-14,CARBORUNIV.NS,Capital Goods,85.0,83.2,A,NEUTRAL,TOP_20,27.553,9.858
2026-W24,2026-06-14,TIINDIA.NS,Automobile and Auto Components,86.0,83.0,A,SECTOR_LEADER,TOP_20,23.335,13.995
2026-W24,2026-06-14,ANANDRATHI.NS,Financial Services,87.0,82.8,A,SECTOR_LEADER,TOP_20,20.374,16.028
2026-W24,2026-06-14,LENSKART.NS,Consumer Services,88.0,82.6,A,SECTOR_LEADER,TOP_20,15.974,20.198
2026-W24,2026-06-14,IKS.NS,Information Technology,89.0,82.4,A,SECTOR_LEADER,TOP_20,14.215,21.842
2026-W24,2026-06-14,MINDACORP.NS,Automobile and Auto Components,90.0,82.2,A,SECTOR_LEADER,TOP_20,22.514,13.174
2026-W24,2026-06-14,OLECTRA.NS,Automobile and Auto Components,91.0,82.0,A,SECTOR_LEADER,TOP_20,22.338,12.998
2026-W24,2026-06-14,CARTRADE.NS,Consumer Services,92.0,81.8,A,SECTOR_LEADER,TOP_20,15.321,19.545
2026-W24,2026-06-14,ENGINERSIN.NS,Construction,93.0,81.6,A,SECTOR_LEADER,TOP_20,18.769,16.045
2026-W24,2026-06-14,GRASIM.NS,Construction Materials,94.0,81.4,A,SECTOR_LEADER,TOP_20,16.694,18.102
2026-W24,2026-06-14,JSWENERGY.NS,Power,95.0,81.2,A,NEUTRAL,TOP_20,23.545,11.049
2026-W24,2026-06-14,RADICO.NS,Fast Moving Consumer Goods,96.0,81.0,A,SECTOR_LEADER,TOP_20,18.387,15.841
2026-W24,2026-06-14,SONACOMS.NS,Automobile and Auto Components,97.0,80.8,A,NEUTRAL,TOP_20,21.685,12.345
2026-W24,2026-06-14,TATACOMM.NS,Telecommunication,98.0,80.6,A,NEUTRAL,TOP_20,22.928,10.528
2026-W24,2026-06-14,ZYDUSLIFE.NS,Healthcare,99.0,80.4,A,NEUTRAL,TOP_20,23.21,10.103
2026-W24,2026-06-14,ELGIEQUIP.NS,Capital Goods,100.0,80.2,A,NEUTRAL,TOP_20,25.412,7.717
2026-W24,2026-06-14,CUMMINSIND.NS,Capital Goods,101.0,80.0,A,NEUTRAL,TOP_50,25.365,7.67
2026-W24,2026-06-14,KPRMILL.NS,Textiles,102.0,79.8,A,NEUTRAL,TOP_50,22.943,9.705
2026-W24,2026-06-14,VBL.NS,Fast Moving Consumer Goods,103.0,79.6,A,SECTOR_LEADER,TOP_50,17.536,14.99
2026-W24,2026-06-14,PREMIERENE.NS,Capital Goods,104.0,79.4,A,NEUTRAL,TOP_50,25.073,7.378
2026-W24,2026-06-14,SHYAMMETL.NS,Capital Goods,105.0,79.2,A,NEUTRAL,TOP_50,25.061,7.366
2026-W24,2026-06-14,ABB.NS,Capital Goods,106.0,79.0,A,NEUTRAL,TOP_50,24.924,7.229
2026-W24,2026-06-14,NATIONALUM.NS,Metals & Mining,107.0,78.8,A,NEUTRAL,TOP_50,23.796,8.304
2026-W24,2026-06-14,ENRIN.NS,Capital Goods,108.0,78.6,A,NEUTRAL,TOP_50,24.522,6.827
2026-W24,2026-06-14,PNBHOUSING.NS,Financial Services,109.0,78.4,A,SECTOR_LEADER,TOP_50,17.789,13.443
2026-W24,2026-06-14,KPIL.NS,Construction,110.0,78.2,A,SECTOR_LEADER,TOP_50,16.769,14.045
2026-W24,2026-06-14,PFC.NS,Financial Services,111.0,78.0,A,SECTOR_LEADER,TOP_50,17.466,13.12
2026-W24,2026-06-14,JBCHEPHARM.NS,Healthcare,112.0,77.8,A,NEUTRAL,TOP_50,21.596,8.489
2026-W24,2026-06-14,JSWCEMENT.NS,Construction Materials,113.0,77.6,A,SECTOR_LEADER,TOP_50,14.19,15.598
2026-W24,2026-06-14,TMPV.NS,Automobile and Auto Components,114.0,77.4,A,NEUTRAL,TOP_50,19.443,10.103
2026-W24,2026-06-14,NIVABUPA.NS,Financial Services,115.0,77.2,A,NEUTRAL,TOP_50,16.893,12.547
2026-W24,2026-06-14,CCL.NS,Fast Moving Consumer Goods,116.0,77.0,A,SECTOR_LEADER,TOP_50,15.817,13.271
2026-W24,2026-06-14,ANANTRAJ.NS,Realty,117.0,76.8,A,SECTOR_LEADER,TOP_50,13.517,15.534
2026-W24,2026-06-14,MOTILALOFS.NS,Financial Services,118.0,76.6,A,NEUTRAL,TOP_50,16.634,12.288
2026-W24,2026-06-14,NSLNISP.NS,Metals & Mining,119.0,76.4,A,NEUTRAL,TOP_50,22.19,6.698
2026-W24,2026-06-14,ELECON.NS,Capital Goods,120.0,76.2,A,NEUTRAL,TOP_50,23.223,5.528
2026-W24,2026-06-14,AUROPHARMA.NS,Healthcare,121.0,76.0,A,NEUTRAL,TOP_50,20.862,7.755
2026-W24,2026-06-14,ANTHEM.NS,Healthcare,122.0,75.8,A,NEUTRAL,TOP_50,20.542,7.435
2026-W24,2026-06-14,EMCURE.NS,Healthcare,123.0,75.6,A,NEUTRAL,TOP_50,20.386,7.279
2026-W24,2026-06-14,NYKAA.NS,Consumer Services,124.0,75.4,A,SECTOR_LEADER,TOP_50,11.651,15.875
2026-W24,2026-06-14,TARIL.NS,Capital Goods,125.0,75.2,A,NEUTRAL,TOP_50,22.522,4.827
2026-W24,2026-06-14,MANAPPURAM.NS,Financial Services,126.0,75.0,B+,NEUTRAL,TOP_50,15.756,11.41
2026-W24,2026-06-14,NMDC.NS,Metals & Mining,127.0,74.8,B+,NEUTRAL,TOP_50,21.287,5.795
2026-W24,2026-06-14,THELEELA.NS,Consumer Services,128.0,74.6,B+,SECTOR_LEADER,TOP_50,11.234,15.458
2026-W24,2026-06-14,GESHIP.NS,Services,129.0,74.4,B+,NEUTRAL,TOP_50,18.623,8.047
2026-W24,2026-06-14,AARTIIND.NS,Chemicals,130.0,74.2,B+,NEUTRAL,TOP_50,17.511,8.781
2026-W24,2026-06-14,TITAGARH.NS,Capital Goods,131.0,74.0,B+,NEUTRAL,TOP_50,21.955,4.26
2026-W24,2026-06-14,EXIDEIND.NS,Automobile and Auto Components,132.0,73.8,B+,NEUTRAL,TOP_50,17.607,8.267
2026-W24,2026-06-14,NESTLEIND.NS,Fast Moving Consumer Goods,133.0,73.6,B+,NEUTRAL,TOP_50,14.14,11.594
2026-W24,2026-06-14,STARHEALTH.NS,Financial Services,134.0,73.4,B+,NEUTRAL,TOP_50,14.876,10.53
2026-W24,2026-06-14,IGIL.NS,Services,135.0,73.2,B+,NEUTRAL,TOP_50,17.902,7.326
2026-W24,2026-06-14,HINDCOPPER.NS,Metals & Mining,136.0,73.0,B+,NEUTRAL,TOP_50,20.349,4.857
2026-W24,2026-06-14,APOLLOHOSP.NS,Healthcare,137.0,72.8,B+,NEUTRAL,TOP_50,19.068,5.961
2026-W24,2026-06-14,ASIANPAINT.NS,Consumer Durables,138.0,72.6,B+,NEUTRAL,TOP_50,11.968,11.955
2026-W24,2026-06-14,GMDCLTD.NS,Metals & Mining,139.0,72.4,B+,NEUTRAL,TOP_50,19.578,4.086
2026-W24,2026-06-14,MARICO.NS,Fast Moving Consumer Goods,140.0,72.2,B+,NEUTRAL,TOP_50,12.897,10.351
2026-W24,2026-06-14,KIMS.NS,Healthcare,141.0,72.0,B+,NEUTRAL,TOP_50,18.076,4.969
2026-W24,2026-06-14,TORNTPHARM.NS,Healthcare,142.0,71.8,B+,NEUTRAL,TOP_50,18.027,4.92
2026-W24,2026-06-14,CHAMBLFERT.NS,Chemicals,143.0,71.6,B+,NEUTRAL,TOP_50,15.773,7.043
2026-W24,2026-06-14,BOSCHLTD.NS,Automobile and Auto Components,144.0,71.4,B+,NEUTRAL,TOP_50,15.999,6.659
2026-W24,2026-06-14,YESBANK.NS,Financial Services,145.0,71.2,B+,NEUTRAL,TOP_50,13.336,8.99
2026-W24,2026-06-14,AIIL.NS,Financial Services,146.0,71.0,B+,NEUTRAL,TOP_50,13.216,8.87
2026-W24,2026-06-14,KAJARIACER.NS,Consumer Durables,147.0,70.8,B+,NEUTRAL,TOP_50,11.041,11.028
2026-W24,2026-06-14,NBCC.NS,Construction,148.0,70.6,B+,NEUTRAL,TOP_50,12.298,9.574
2026-W24,2026-06-14,NEULANDLAB.NS,Healthcare,149.0,70.4,B+,NEUTRAL,TOP_50,17.37,4.263
2026-W24,2026-06-14,KARURVYSYA.NS,Financial Services,150.0,70.2,B+,NEUTRAL,TOP_50,12.76,8.414
2026-W24,2026-06-14,HINDALCO.NS,Metals & Mining,151.0,70.0,B+,NEUTRAL,TOP_50,18.266,2.774
2026-W24,2026-06-14,AIAENG.NS,Capital Goods,152.0,69.8,B+,NEUTRAL,TOP_50,19.304,1.609
2026-W24,2026-06-14,URBANCO.NS,Consumer Services,153.0,69.6,B+,NEUTRAL,TOP_50,8.293,12.517
2026-W24,2026-06-14,TENNIND.NS,Automobile and Auto Components,154.0,69.4,B+,NEUTRAL,TOP_50,14.99,5.65
2026-W24,2026-06-14,AXISBANK.NS,Financial Services,155.0,69.2,B+,NEUTRAL,TOP_50,12.129,7.783
2026-W24,2026-06-14,COALINDIA.NS,Oil Gas & Consumable Fuels,156.0,69.0,B+,NEUTRAL,TOP_50,13.504,6.265
2026-W24,2026-06-14,TITAN.NS,Consumer Durables,157.0,68.8,B+,NEUTRAL,TOP_50,9.861,9.848
2026-W24,2026-06-14,FORTIS.NS,Healthcare,158.0,68.6,B+,NEUTRAL,TOP_50,16.4,3.293
2026-W24,2026-06-14,PHOENIXLTD.NS,Realty,159.0,68.4,B+,NEUTRAL,TOP_50,8.708,10.725
2026-W24,2026-06-14,JSWINFRA.NS,Services,160.0,68.2,B+,NEUTRAL,TOP_50,14.96,4.384
2026-W24,2026-06-14,BLUEJET.NS,Healthcare,161.0,68.0,B+,NEUTRAL,TOP_50,16.168,3.061
2026-W24,2026-06-14,BAJAJ-AUTO.NS,Automobile and Auto Components,162.0,67.8,B+,NEUTRAL,TOP_50,14.245,4.905
2026-W24,2026-06-14,TATASTEEL.NS,Metals & Mining,163.0,67.6,B+,NEUTRAL,TOP_50,17.176,1.684
2026-W24,2026-06-14,GAIL.NS,Oil Gas & Consumable Fuels,164.0,67.4,B+,NEUTRAL,TOP_50,12.856,5.617
2026-W24,2026-06-14,RKFORGE.NS,Automobile and Auto Components,165.0,67.2,B+,NEUTRAL,TOP_50,13.842,4.502
2026-W24,2026-06-14,OBEROIRLTY.NS,Realty,166.0,67.0,B+,NEUTRAL,TOP_50,7.935,9.952
2026-W24,2026-06-14,LINDEINDIA.NS,Chemicals,167.0,66.8,B+,NEUTRAL,TOP_50,13.306,4.576
2026-W24,2026-06-14,JPPOWER.NS,Power,168.0,66.6,B+,NEUTRAL,TOP_50,15.085,2.589
2026-W24,2026-06-14,AMBER.NS,Consumer Durables,169.0,66.4,B+,NEUTRAL,TOP_50,8.84,8.827
2026-W24,2026-06-14,SUZLON.NS,Capital Goods,170.0,66.2,B+,NEUTRAL,TOP_50,17.666,-0.029
2026-W24,2026-06-14,JSWSTEEL.NS,Metals & Mining,171.0,66.0,B+,NEUTRAL,TOP_50,16.556,1.064
2026-W24,2026-06-14,TRAVELFOOD.NS,Consumer Services,172.0,65.8,B+,NEUTRAL,TOP_50,6.638,10.862
2026-W24,2026-06-14,INDUSINDBK.NS,Financial Services,173.0,65.6,B+,NEUTRAL,TOP_50,10.864,6.518
2026-W24,2026-06-14,GODREJIND.NS,Diversified,174.0,65.4,B+,NEUTRAL,TOP_50,8.959,8.395
2026-W24,2026-06-14,PAGEIND.NS,Textiles,175.0,65.2,B+,NEUTRAL,TOP_50,15.263,2.025
2026-W24,2026-06-14,LICHSGFIN.NS,Financial Services,176.0,65.0,B+,NEUTRAL,TOP_50,10.6,6.254
2026-W24,2026-06-14,AUBANK.NS,Financial Services,177.0,64.8,B+,NEUTRAL,TOP_50,10.577,6.231
2026-W24,2026-06-14,HONAUT.NS,Capital Goods,178.0,64.6,B+,NEUTRAL,TOP_50,17.216,-0.479
2026-W24,2026-06-14,GPIL.NS,Capital Goods,179.0,64.4,B+,NEUTRAL,TOP_50,16.982,-0.713
2026-W24,2026-06-14,UNIONBANK.NS,Financial Services,180.0,64.2,B+,NEUTRAL,TOP_50,10.298,5.952
2026-W24,2026-06-14,CUB.NS,Financial Services,181.0,64.0,B+,NEUTRAL,TOP_50,10.264,5.918
2026-W24,2026-06-14,TECHM.NS,Information Technology,182.0,63.8,B+,NEUTRAL,TOP_50,4.125,11.752
2026-W24,2026-06-14,GABRIEL.NS,Automobile and Auto Components,183.0,63.6,B+,NEUTRAL,TOP_50,12.531,3.191
2026-W24,2026-06-14,BERGEPAINT.NS,Consumer Durables,184.0,63.4,B+,NEUTRAL,TOP_50,7.846,7.833
2026-W24,2026-06-14,LALPATHLAB.NS,Healthcare,185.0,63.2,B+,NEUTRAL,TOP_50,14.263,1.156
2026-W24,2026-06-14,CANHLIFE.NS,Financial Services,186.0,63.0,B+,NEUTRAL,TOP_50,9.777,5.431
2026-W24,2026-06-14,LT.NS,Construction,187.0,62.8,B+,NEUTRAL,TOP_50,8.809,6.085
2026-W24,2026-06-14,SHRIRAMFIN.NS,Financial Services,188.0,62.6,B+,NEUTRAL,TOP_50,9.539,5.193
2026-W24,2026-06-14,AJANTPHARM.NS,Healthcare,189.0,62.4,B+,NEUTRAL,TOP_50,13.877,0.77
2026-W24,2026-06-14,INDHOTEL.NS,Consumer Services,190.0,62.2,B+,NEUTRAL,TOP_50,5.201,9.425
2026-W24,2026-06-14,FACT.NS,Chemicals,191.0,62.0,B+,NEUTRAL,TOP_50,11.641,2.911
2026-W24,2026-06-14,CREDITACC.NS,Financial Services,192.0,61.8,B+,NEUTRAL,TOP_50,9.255,4.909
2026-W24,2026-06-14,MEESHO.NS,Consumer Services,193.0,61.6,B+,NEUTRAL,TOP_50,7.486,6.674
2026-W24,2026-06-14,IDFCFIRSTB.NS,Financial Services,194.0,61.4,B+,NEUTRAL,TOP_50,9.243,4.897
2026-W24,2026-06-14,SUMICHEM.NS,Chemicals,195.0,61.2,B+,NEUTRAL,TOP_50,11.324,2.594
2026-W24,2026-06-14,DMART.NS,Consumer Services,196.0,61.0,B+,NEUTRAL,TOP_50,4.797,9.021
2026-W24,2026-06-14,USHAMART.NS,Capital Goods,197.0,60.8,B+,NEUTRAL,TOP_50,15.634,-2.061
2026-W24,2026-06-14,PIDILITIND.NS,Chemicals,198.0,60.6,B+,NEUTRAL,TOP_50,11.071,2.341
2026-W24,2026-06-14,FLUOROCHEM.NS,Chemicals,199.0,60.4,B+,NEUTRAL,TOP_50,10.982,2.252
2026-W24,2026-06-14,WELSPUNLIV.NS,Textiles,200.0,60.2,B+,NEUTRAL,TOP_50,13.158,-0.08
2026-W24,2026-06-14,CAMS.NS,Financial Services,201.0,60.0,B+,NEUTRAL,TOP_50,8.636,4.29
2026-W24,2026-06-14,APTUS.NS,Financial Services,202.0,59.8,B+,NEUTRAL,TOP_50,8.605,4.259
2026-W24,2026-06-14,DEEPAKNTR.NS,Chemicals,203.0,59.6,B+,NEUTRAL,TOP_50,10.783,2.053
2026-W24,2026-06-14,ATUL.NS,Chemicals,204.0,59.4,B+,NEUTRAL,TOP_50,10.765,2.035
2026-W24,2026-06-14,VMM.NS,Consumer Services,205.0,59.2,B+,NEUTRAL,TOP_50,4.249,8.473
2026-W24,2026-06-14,SBIN.NS,Financial Services,206.0,59.0,B+,NEUTRAL,TOP_50,8.531,4.185
2026-W24,2026-06-14,RECLTD.NS,Financial Services,207.0,58.8,B+,NEUTRAL,TOP_50,8.474,4.128
2026-W24,2026-06-14,INDIANB.NS,Financial Services,208.0,58.6,B+,NEUTRAL,TOP_50,8.33,3.984
2026-W24,2026-06-14,BANKINDIA.NS,Financial Services,209.0,58.4,B+,NEUTRAL,TOP_50,8.214,3.868
2026-W24,2026-06-14,INDIACEM.NS,Construction Materials,210.0,58.2,B+,NEUTRAL,TOP_50,5.162,6.57
2026-W24,2026-06-14,CONCORDBIO.NS,Healthcare,211.0,58.0,B+,NEUTRAL,TOP_50,12.418,-0.689
2026-W24,2026-06-14,GMRAIRPORT.NS,Services,212.0,57.8,B+,NEUTRAL,TOP_50,11.143,0.567
2026-W24,2026-06-14,TIMKEN.NS,Capital Goods,213.0,57.6,B+,NEUTRAL,TOP_50,14.639,-3.056
2026-W24,2026-06-14,ABCAPITAL.NS,Financial Services,214.0,57.4,B+,NEUTRAL,TOP_50,7.803,3.457
2026-W24,2026-06-14,GALLANTT.NS,Capital Goods,215.0,57.2,B+,NEUTRAL,TOP_50,14.4,-3.295
2026-W24,2026-06-14,MEDANTA.NS,Healthcare,216.0,57.0,B+,NEUTRAL,TOP_50,12.104,-1.003
2026-W24,2026-06-14,HUDCO.NS,Financial Services,217.0,56.8,B+,NEUTRAL,TOP_50,7.178,2.832
2026-W24,2026-06-14,CIEINDIA.NS,Automobile and Auto Components,218.0,56.6,B+,NEUTRAL,TOP_50,9.499,0.159
2026-W24,2026-06-14,BIKAJI.NS,Fast Moving Consumer Goods,219.0,56.4,B+,NEUTRAL,TOP_50,6.1,3.554
2026-W24,2026-06-14,NTPCGREEN.NS,Power,220.0,56.2,B+,NEUTRAL,TOP_50,11.056,-1.44
2026-W24,2026-06-14,BIOCON.NS,Healthcare,221.0,56.0,B+,NEUTRAL,TOP_50,11.356,-1.751
2026-W24,2026-06-14,TBOTEK.NS,Consumer Services,222.0,55.8,B+,EMERGING_LEADER,TOP_50,2.377,6.601
2026-W24,2026-06-14,CROMPTON.NS,Consumer Durables,223.0,55.6,B+,NEUTRAL,TOP_50,4.347,4.334
2026-W24,2026-06-14,TATACAP.NS,Financial Services,224.0,55.4,B+,NEUTRAL,TOP_50,6.503,2.157
2026-W24,2026-06-14,ICICIAMC.NS,Financial Services,225.0,55.2,B+,NEUTRAL,TOP_50,5.772,2.88
2026-W24,2026-06-14,IRB.NS,Construction,226.0,55.0,B+,NEUTRAL,TOP_50,5.609,2.885
2026-W24,2026-06-14,MANKIND.NS,Healthcare,227.0,54.8,B+,NEUTRAL,TOP_50,10.697,-2.41
2026-W24,2026-06-14,ICICIBANK.NS,Financial Services,228.0,54.6,B+,NEUTRAL,TOP_50,6.3,1.954
2026-W24,2026-06-14,TATACHEM.NS,Chemicals,229.0,54.4,B+,NEUTRAL,TOP_50,8.488,-0.242
2026-W24,2026-06-14,HOMEFIRST.NS,Financial Services,230.0,54.2,B+,NEUTRAL,TOP_50,6.284,1.938
2026-W24,2026-06-14,JSWDULUX.NS,Consumer Durables,231.0,54.0,B+,EMERGING_LEADER,TOP_50,4.05,4.037
2026-W24,2026-06-14,IPCALAB.NS,Healthcare,232.0,53.8,B+,NEUTRAL,TOP_50,10.58,-2.527
2026-W24,2026-06-14,LUPIN.NS,Healthcare,233.0,53.6,B+,NEUTRAL,TOP_50,10.495,-2.612
2026-W24,2026-06-14,RAINBOW.NS,Healthcare,234.0,53.4,B+,NEUTRAL,TOP_50,10.478,-2.629
2026-W24,2026-06-14,SIEMENS.NS,Capital Goods,235.0,53.2,B+,NEUTRAL,TOP_50,12.712,-4.983
2026-W24,2026-06-14,ITI.NS,Telecommunication,236.0,53.0,B+,NEUTRAL,TOP_50,10.02,-2.38
2026-W24,2026-06-14,GICRE.NS,Financial Services,237.0,52.8,B+,NEUTRAL,TOP_50,5.987,1.641
2026-W24,2026-06-14,IIFL.NS,Financial Services,238.0,52.6,B+,NEUTRAL,TOP_50,5.979,1.633
2026-W24,2026-06-14,COFORGE.NS,Information Technology,239.0,52.4,B+,EMERGING_LEADER,TOP_50,-0.024,7.603
2026-W24,2026-06-14,ZFCVINDIA.NS,Automobile and Auto Components,240.0,52.2,B+,NEUTRAL,TOP_50,8.45,-0.89
2026-W24,2026-06-14,SCHAEFFLER.NS,Automobile and Auto Components,241.0,52.0,B+,NEUTRAL,TOP_50,8.23,-1.11
2026-W24,2026-06-14,SPLPETRO.NS,Chemicals,242.0,51.8,B+,NEUTRAL,TOP_50,7.849,-0.881
2026-W24,2026-06-14,PWL.NS,Consumer Services,243.0,51.6,B+,NEUTRAL,TOP_50,1.17,5.394
2026-W24,2026-06-14,360ONE.NS,Financial Services,244.0,51.4,B+,NEUTRAL,TOP_50,5.326,0.98
2026-W24,2026-06-14,AAVAS.NS,Financial Services,245.0,51.2,B+,NEUTRAL,TOP_50,5.243,0.897
2026-W24,2026-06-14,DELHIVERY.NS,Services,246.0,51.0,B+,NEUTRAL,TOP_50,8.344,-2.232
2026-W24,2026-06-14,AFFLE.NS,Information Technology,247.0,50.8,B+,NEUTRAL,TOP_50,-0.908,6.719
2026-W24,2026-06-14,NIACL.NS,Financial Services,248.0,50.6,B+,NEUTRAL,TOP_50,5.019,0.673
2026-W24,2026-06-14,KOTAKBANK.NS,Financial Services,249.0,50.4,B+,NEUTRAL,TOP_50,4.967,0.621
2026-W24,2026-06-14,COLPAL.NS,Fast Moving Consumer Goods,250.0,50.2,B+,NEUTRAL,TOP_50,3.969,1.423
2026-W24,2026-06-14,TORNTPOWER.NS,Power,251.0,50.0,B,NEUTRAL,BOTTOM_50,8.929,-3.567
2026-W24,2026-06-14,EICHERMOT.NS,Automobile and Auto Components,252.0,49.8,B,NEUTRAL,BOTTOM_50,7.315,-2.025
2026-W24,2026-06-14,MGL.NS,Oil Gas & Consumable Fuels,253.0,49.6,B,NEUTRAL,BOTTOM_50,6.23,-1.009
2026-W24,2026-06-14,ULTRACEMCO.NS,Construction Materials,254.0,49.4,B,NEUTRAL,BOTTOM_50,1.77,3.178
2026-W24,2026-06-14,GRAPHITE.NS,Capital Goods,255.0,49.2,B,NEUTRAL,BOTTOM_50,11.303,-6.392
2026-W24,2026-06-14,GRSE.NS,Capital Goods,256.0,49.0,B,NEUTRAL,BOTTOM_50,11.277,-6.418
2026-W24,2026-06-14,AEGISVOPAK.NS,Oil Gas & Consumable Fuels,257.0,48.8,B,NEUTRAL,BOTTOM_50,5.989,-1.25
2026-W24,2026-06-14,BANKBARODA.NS,Financial Services,258.0,48.6,B,NEUTRAL,BOTTOM_50,4.481,0.135
2026-W24,2026-06-14,PETRONET.NS,Oil Gas & Consumable Fuels,259.0,48.4,B,NEUTRAL,BOTTOM_50,5.806,-1.433
2026-W24,2026-06-14,NH.NS,Healthcare,260.0,48.2,B,NEUTRAL,BOTTOM_50,8.619,-4.488
2026-W24,2026-06-14,WAAREEENER.NS,Capital Goods,261.0,48.0,B,NEUTRAL,BOTTOM_50,10.705,-6.99
2026-W24,2026-06-14,SHREECEM.NS,Construction Materials,262.0,47.8,B,NEUTRAL,BOTTOM_50,1.136,2.544
2026-W24,2026-06-14,JINDALSTEL.NS,Metals & Mining,263.0,47.6,B,NEUTRAL,BOTTOM_50,9.584,-5.908
2026-W24,2026-06-14,INDIGO.NS,Services,264.0,47.4,B,NEUTRAL,BOTTOM_50,7.049,-3.527
2026-W24,2026-06-14,GLENMARK.NS,Healthcare,265.0,47.2,B,NEUTRAL,BOTTOM_50,8.296,-4.811
2026-W24,2026-06-14,TATAINVEST.NS,Financial Services,266.0,47.0,B,NEUTRAL,BOTTOM_50,3.795,-0.551
2026-W24,2026-06-14,MRPL.NS,Oil Gas & Consumable Fuels,267.0,46.8,B,NEUTRAL,BOTTOM_50,5.239,-2.0
2026-W24,2026-06-14,CASTROLIND.NS,Oil Gas & Consumable Fuels,268.0,46.6,B,NEUTRAL,BOTTOM_50,5.205,-2.034
2026-W24,2026-06-14,BEML.NS,Capital Goods,269.0,46.4,B,NEUTRAL,BOTTOM_50,10.362,-7.333
2026-W24,2026-06-14,PRESTIGE.NS,Realty,270.0,46.2,B,EMERGING_LEADER,BOTTOM_50,0.426,2.443
2026-W24,2026-06-14,COHANCE.NS,Healthcare,271.0,46.0,B,NEUTRAL,BOTTOM_50,7.948,-5.159
2026-W24,2026-06-14,ETERNAL.NS,Consumer Services,272.0,45.8,B,NEUTRAL,BOTTOM_50,-0.735,3.489
2026-W24,2026-06-14,NUVOCO.NS,Construction Materials,273.0,45.6,B,NEUTRAL,BOTTOM_50,0.662,2.07
2026-W24,2026-06-14,DOMS.NS,Fast Moving Consumer Goods,274.0,45.4,B,EMERGING_LEADER,BOTTOM_50,2.611,0.065
2026-W24,2026-06-14,DIVISLAB.NS,Healthcare,275.0,45.2,B,NEUTRAL,BOTTOM_50,7.833,-5.274
2026-W24,2026-06-14,SRF.NS,Chemicals,276.0,45.0,B,NEUTRAL,BOTTOM_50,5.588,-3.142
2026-W24,2026-06-14,HDFCAMC.NS,Financial Services,277.0,44.8,B,NEUTRAL,BOTTOM_50,3.393,-0.953
2026-W24,2026-06-14,TATACONSUM.NS,Fast Moving Consumer Goods,278.0,44.6,B,NEUTRAL,BOTTOM_50,2.454,-0.092
2026-W24,2026-06-14,DIXON.NS,Consumer Durables,279.0,44.4,B,EMERGING_LEADER,BOTTOM_50,1.087,1.074
2026-W24,2026-06-14,HINDZINC.NS,Metals & Mining,280.0,44.2,B,NEUTRAL,BOTTOM_50,8.803,-6.689
2026-W24,2026-06-14,CANFINHOME.NS,Financial Services,281.0,44.0,B,NEUTRAL,BOTTOM_50,3.19,-1.156
2026-W24,2026-06-14,LTFOODS.NS,Fast Moving Consumer Goods,282.0,43.8,B,NEUTRAL,BOTTOM_50,2.224,-0.322
2026-W24,2026-06-14,TATAPOWER.NS,Power,283.0,43.6,B,NEUTRAL,BOTTOM_50,7.161,-5.335
2026-W24,2026-06-14,JUBLPHARMA.NS,Healthcare,284.0,43.4,B,NEUTRAL,BOTTOM_50,7.424,-5.683
2026-W24,2026-06-14,MPHASIS.NS,Information Technology,285.0,43.2,B,EMERGING_LEADER,BOTTOM_50,-2.967,4.66
2026-W24,2026-06-14,AADHARHFC.NS,Financial Services,286.0,43.0,B,NEUTRAL,BOTTOM_50,2.904,-1.442
2026-W24,2026-06-14,POWERGRID.NS,Power,287.0,42.8,B,NEUTRAL,BOTTOM_50,6.856,-5.64
2026-W24,2026-06-14,INDIAMART.NS,Consumer Services,288.0,42.6,B,EMERGING_LEADER,BOTTOM_50,-1.535,2.689
2026-W24,2026-06-14,INDGN.NS,Healthcare,289.0,42.4,B,NEUTRAL,BOTTOM_50,7.058,-6.049
2026-W24,2026-06-14,CESC.NS,Power,290.0,42.2,B,NEUTRAL,BOTTOM_50,6.538,-5.958
2026-W24,2026-06-14,NTPC.NS,Power,291.0,42.0,B,NEUTRAL,BOTTOM_50,6.505,-5.991
2026-W24,2026-06-14,HINDUNILVR.NS,Fast Moving Consumer Goods,292.0,41.8,B,NEUTRAL,BOTTOM_50,1.364,-1.182
2026-W24,2026-06-14,BLS.NS,Consumer Services,293.0,41.6,B,NEUTRAL,BOTTOM_50,-2.097,2.127
2026-W24,2026-06-14,LGEINDIA.NS,Consumer Durables,294.0,41.4,B,LAGGARD,BOTTOM_50,-0.097,-0.11
2026-W24,2026-06-14,SOBHA.NS,Realty,295.0,41.2,B,NEUTRAL,BOTTOM_50,-1.23,0.787
2026-W24,2026-06-14,INDUSTOWER.NS,Telecommunication,296.0,41.0,B,NEUTRAL,BOTTOM_50,5.953,-6.447
2026-W24,2026-06-14,INTELLECT.NS,Information Technology,297.0,40.8,B,EMERGING_LEADER,BOTTOM_50,-4.207,3.42
2026-W24,2026-06-14,GILLETTE.NS,Fast Moving Consumer Goods,298.0,40.6,B,NEUTRAL,BOTTOM_50,0.876,-1.67
2026-W24,2026-06-14,TTML.NS,Telecommunication,299.0,40.4,B,EMERGING_LEADER,BOTTOM_50,5.717,-6.683
2026-W24,2026-06-14,IREDA.NS,Financial Services,300.0,40.2,B,NEUTRAL,BOTTOM_50,1.687,-2.659
2026-W24,2026-06-14,ACE.NS,Capital Goods,301.0,40.0,B,NEUTRAL,BOTTOM_50,8.326,-9.369
2026-W24,2026-06-14,TATAELXSI.NS,Information Technology,302.0,39.8,B,EMERGING_LEADER,BOTTOM_50,-4.354,3.273
2026-W24,2026-06-14,NCC.NS,Construction,303.0,39.6,B,NEUTRAL,BOTTOM_50,0.821,-1.903
2026-W24,2026-06-14,VOLTAS.NS,Consumer Durables,304.0,39.4,B,LAGGARD,BOTTOM_50,-0.556,-0.569
2026-W24,2026-06-14,PCBL.NS,Chemicals,305.0,39.2,B,NEUTRAL,BOTTOM_50,3.773,-4.957
2026-W24,2026-06-14,RITES.NS,Construction,306.0,39.0,B,NEUTRAL,BOTTOM_50,0.744,-1.98
2026-W24,2026-06-14,CANBK.NS,Financial Services,307.0,38.8,B,NEUTRAL,BOTTOM_50,1.535,-2.811
2026-W24,2026-06-14,DLF.NS,Realty,308.0,38.6,B,NEUTRAL,BOTTOM_50,-1.652,0.365
2026-W24,2026-06-14,LTF.NS,Financial Services,309.0,38.4,B,NEUTRAL,BOTTOM_50,1.504,-2.842
2026-W24,2026-06-14,SAGILITY.NS,Information Technology,310.0,38.2,B,NEUTRAL,BOTTOM_50,-4.692,2.935
2026-W24,2026-06-14,LODHA.NS,Realty,311.0,38.0,B,EMERGING_LEADER,BOTTOM_50,-2.002,0.015
2026-W24,2026-06-14,3MINDIA.NS,Diversified,312.0,37.8,B,LAGGARD,BOTTOM_50,-0.732,-1.296
2026-W24,2026-06-14,PNB.NS,Financial Services,313.0,37.6,B,NEUTRAL,BOTTOM_50,1.138,-3.208
2026-W24,2026-06-14,BAJFINANCE.NS,Financial Services,314.0,37.4,B,NEUTRAL,BOTTOM_50,1.079,-3.267
2026-W24,2026-06-14,LICI.NS,Financial Services,315.0,37.2,B,NEUTRAL,BOTTOM_50,1.048,-3.298
2026-W24,2026-06-14,AFCONS.NS,Construction,316.0,37.0,B,NEUTRAL,BOTTOM_50,0.112,-2.612
2026-W24,2026-06-14,SUNPHARMA.NS,Healthcare,317.0,36.8,B,NEUTRAL,BOTTOM_50,5.286,-7.821
2026-W24,2026-06-14,HEXT.NS,Information Technology,318.0,36.6,B,EMERGING_LEADER,BOTTOM_50,-5.164,2.463
2026-W24,2026-06-14,NAVA.NS,Power,319.0,36.4,B,NEUTRAL,BOTTOM_50,4.887,-7.609
2026-W24,2026-06-14,UCOBANK.NS,Financial Services,320.0,36.2,B,NEUTRAL,BOTTOM_50,0.793,-3.553
2026-W24,2026-06-14,PTCIL.NS,Capital Goods,321.0,36.0,B,NEUTRAL,BOTTOM_50,7.455,-10.24
2026-W24,2026-06-14,JWL.NS,Capital Goods,322.0,35.8,B,NEUTRAL,BOTTOM_50,7.451,-10.244
2026-W24,2026-06-14,SARDAEN.NS,Metals & Mining,323.0,35.6,B,NEUTRAL,BOTTOM_50,6.212,-9.28
2026-W24,2026-06-14,SJVN.NS,Power,324.0,35.4,B,NEUTRAL,BOTTOM_50,4.678,-7.818
2026-W24,2026-06-14,GODREJCP.NS,Fast Moving Consumer Goods,325.0,35.2,B,LAGGARD,BOTTOM_50,-0.303,-2.849
2026-W24,2026-06-14,CHOICEIN.NS,Financial Services,326.0,35.0,B,NEUTRAL,BOTTOM_50,0.585,-3.761
2026-W24,2026-06-14,LTTS.NS,Information Technology,327.0,34.8,B,NEUTRAL,BOTTOM_50,-5.418,2.209
2026-W24,2026-06-14,CHOLAFIN.NS,Financial Services,328.0,34.6,B,NEUTRAL,BOTTOM_50,0.501,-3.845
2026-W24,2026-06-14,HBLENGINE.NS,Capital Goods,329.0,34.4,B,NEUTRAL,BOTTOM_50,7.142,-10.553
2026-W24,2026-06-14,BAJAJHLDNG.NS,Financial Services,330.0,34.2,B,NEUTRAL,BOTTOM_50,0.456,-3.89
2026-W24,2026-06-14,PERSISTENT.NS,Information Technology,331.0,34.0,B,EMERGING_LEADER,BOTTOM_50,-5.551,2.076
2026-W24,2026-06-14,RAILTEL.NS,Telecommunication,332.0,33.8,B,NEUTRAL,BOTTOM_50,4.362,-8.038
2026-W24,2026-06-14,ANURAS.NS,Chemicals,333.0,33.6,B,NEUTRAL,BOTTOM_50,2.49,-6.24
2026-W24,2026-06-14,DRREDDY.NS,Healthcare,334.0,33.4,B,NEUTRAL,BOTTOM_50,4.561,-8.546
2026-W24,2026-06-14,IGL.NS,Oil Gas & Consumable Fuels,335.0,33.2,B,NEUTRAL,BOTTOM_50,1.492,-5.747
2026-W24,2026-06-14,IOB.NS,Financial Services,336.0,33.0,B,LAGGARD,BOTTOM_50,-0.155,-4.501
2026-W24,2026-06-14,GODREJPROP.NS,Realty,337.0,32.8,B,LAGGARD,BOTTOM_50,-3.402,-1.385
2026-W24,2026-06-14,ONESOURCE.NS,Healthcare,338.0,32.6,B,NEUTRAL,BOTTOM_50,4.146,-8.961
2026-W24,2026-06-14,ONGC.NS,Oil Gas & Consumable Fuels,339.0,32.4,B,NEUTRAL,BOTTOM_50,1.135,-6.104
2026-W24,2026-06-14,BAJAJHFL.NS,Financial Services,340.0,32.2,B,LAGGARD,BOTTOM_50,-0.362,-4.708
2026-W24,2026-06-14,ENDURANCE.NS,Automobile and Auto Components,341.0,32.0,B,NEUTRAL,BOTTOM_50,1.953,-7.387
2026-W24,2026-06-14,DCMSHRIRAM.NS,Diversified,342.0,31.8,B,LAGGARD,BOTTOM_50,-2.786,-3.35
2026-W24,2026-06-14,NHPC.NS,Power,343.0,31.6,B,NEUTRAL,BOTTOM_50,3.024,-9.472
2026-W24,2026-06-14,IRCON.NS,Construction,344.0,31.4,B,LAGGARD,BOTTOM_50,-1.873,-4.597
2026-W24,2026-06-14,BAYERCROP.NS,Chemicals,345.0,31.2,B,NEUTRAL,BOTTOM_50,0.995,-7.735
2026-W24,2026-06-14,CIPLA.NS,Healthcare,346.0,31.0,B,NEUTRAL,BOTTOM_50,3.173,-9.934
2026-W24,2026-06-14,GODFRYPHLP.NS,Fast Moving Consumer Goods,347.0,30.8,B,LAGGARD,BOTTOM_50,-2.303,-4.849
2026-W24,2026-06-14,ASAHIINDIA.NS,Automobile and Auto Components,348.0,30.6,B,EMERGING_LEADER,BOTTOM_50,1.072,-8.268
2026-W24,2026-06-14,TMCV.NS,Capital Goods,349.0,30.4,B,NEUTRAL,BOTTOM_50,5.239,-12.456
2026-W24,2026-06-14,CHALET.NS,Consumer Services,350.0,30.2,B,LAGGARD,BOTTOM_50,-5.787,-1.563
2026-W24,2026-06-14,JUBLINGREA.NS,Chemicals,351.0,30.0,B,NEUTRAL,BOTTOM_50,0.661,-8.069
2026-W24,2026-06-14,MFSL.NS,Financial Services,352.0,29.8,B,LAGGARD,BOTTOM_50,-1.542,-5.888
2026-W24,2026-06-14,TECHNOE.NS,Construction,353.0,29.6,B,LAGGARD,BOTTOM_50,-2.358,-5.082
2026-W24,2026-06-14,OIL.NS,Oil Gas & Consumable Fuels,354.0,29.4,B,LAGGARD,BOTTOM_50,-0.157,-7.396
2026-W24,2026-06-14,CYIENT.NS,Information Technology,355.0,29.2,B,LAGGARD,BOTTOM_50,-7.628,-0.001
2026-W24,2026-06-14,PPLPHARMA.NS,Healthcare,356.0,29.0,B,NEUTRAL,BOTTOM_50,2.62,-10.487
2026-W24,2026-06-14,IEX.NS,Financial Services,357.0,28.8,B,LAGGARD,BOTTOM_50,-1.958,-6.304
2026-W24,2026-06-14,UNITDSPR.NS,Fast Moving Consumer Goods,358.0,28.6,B,LAGGARD,BOTTOM_50,-2.902,-5.448
2026-W24,2026-06-14,ERIS.NS,Healthcare,359.0,28.4,B,NEUTRAL,BOTTOM_50,2.374,-10.733
2026-W24,2026-06-14,HINDPETRO.NS,Oil Gas & Consumable Fuels,360.0,28.2,B,LAGGARD,BOTTOM_50,-0.748,-7.987
2026-W24,2026-06-14,SONATSOFTW.NS,Information Technology,361.0,28.0,B,LAGGARD,BOTTOM_50,-8.259,-0.632
2026-W24,2026-06-14,DEVYANI.NS,Consumer Services,362.0,27.8,B,LAGGARD,BOTTOM_50,-6.613,-2.389
2026-W24,2026-06-14,PARADEEP.NS,Chemicals,363.0,27.6,B,LAGGARD,BOTTOM_50,-0.217,-8.947
2026-W24,2026-06-14,TEGA.NS,Capital Goods,364.0,27.4,B,NEUTRAL,BOTTOM_50,4.226,-13.469
2026-W24,2026-06-14,JKCEMENT.NS,Construction Materials,365.0,27.2,B,LAGGARD,BOTTOM_50,-5.364,-3.956
2026-W24,2026-06-14,RAMCOCEM.NS,Construction Materials,366.0,27.0,B,LAGGARD,BOTTOM_50,-5.418,-4.01
2026-W24,2026-06-14,BRIGADE.NS,Realty,367.0,26.8,B,LAGGARD,BOTTOM_50,-5.739,-3.722
2026-W24,2026-06-14,ARE&M.NS,Automobile and Auto Components,368.0,26.6,B,LAGGARD,BOTTOM_50,-0.177,-9.517
2026-W24,2026-06-14,FORCEMOT.NS,Automobile and Auto Components,369.0,26.4,B,LAGGARD,BOTTOM_50,-0.225,-9.565
2026-W24,2026-06-14,TRENT.NS,Consumer Services,370.0,26.2,B,LAGGARD,BOTTOM_50,-7.008,-2.784
2026-W24,2026-06-14,SBFC.NS,Financial Services,371.0,26.0,B,LAGGARD,BOTTOM_50,-2.749,-7.095
2026-W24,2026-06-14,HYUNDAI.NS,Automobile and Auto Components,372.0,25.8,B,LAGGARD,BOTTOM_50,-0.288,-9.628
2026-W24,2026-06-14,HAL.NS,Capital Goods,373.0,25.6,B,NEUTRAL,BOTTOM_50,3.674,-14.021
2026-W24,2026-06-14,IRCTC.NS,Consumer Services,374.0,25.4,B,LAGGARD,BOTTOM_50,-7.288,-3.064
2026-W24,2026-06-14,ITCHOTELS.NS,Consumer Services,375.0,25.2,B,LAGGARD,BOTTOM_50,-7.431,-3.207
2026-W24,2026-06-14,TRIDENT.NS,Textiles,376.0,25.0,C,NEUTRAL,BOTTOM_50,1.23,-12.008
2026-W24,2026-06-14,APLAPOLLO.NS,Capital Goods,377.0,24.8,C,NEUTRAL,BOTTOM_50,3.439,-14.256
2026-W24,2026-06-14,JMFINANCIL.NS,Financial Services,378.0,24.6,C,LAGGARD,BOTTOM_50,-3.267,-7.613
2026-W24,2026-06-14,ABFRL.NS,Consumer Services,379.0,24.4,C,LAGGARD,BOTTOM_50,-7.6,-3.376
2026-W24,2026-06-14,PGEL.NS,Consumer Durables,380.0,24.2,C,LAGGARD,BOTTOM_50,-5.604,-5.617
2026-W24,2026-06-14,BEL.NS,Capital Goods,381.0,24.0,C,NEUTRAL,BOTTOM_50,3.181,-14.514
2026-W24,2026-06-14,HDBFS.NS,Financial Services,382.0,23.8,C,LAGGARD,BOTTOM_50,-3.536,-7.882
2026-W24,2026-06-14,MAXHEALTH.NS,Healthcare,383.0,23.6,C,NEUTRAL,BOTTOM_50,0.783,-12.324
2026-W24,2026-06-14,SUPREMEIND.NS,Capital Goods,384.0,23.4,C,NEUTRAL,BOTTOM_50,3.047,-14.648
2026-W24,2026-06-14,ASTRAL.NS,Capital Goods,385.0,23.2,C,NEUTRAL,BOTTOM_50,3.003,-14.692
2026-W24,2026-06-14,BLUESTARCO.NS,Consumer Durables,386.0,23.0,C,LAGGARD,BOTTOM_50,-6.016,-6.029
2026-W24,2026-06-14,FIVESTAR.NS,Financial Services,387.0,22.8,C,LAGGARD,BOTTOM_50,-3.849,-8.195
2026-W24,2026-06-14,CDSL.NS,Financial Services,388.0,22.6,C,LAGGARD,BOTTOM_50,-3.88,-8.226
2026-W24,2026-06-14,KPITTECH.NS,Information Technology,389.0,22.4,C,LAGGARD,BOTTOM_50,-9.885,-2.258
2026-W24,2026-06-14,CLEAN.NS,Chemicals,390.0,22.2,C,LAGGARD,BOTTOM_50,-1.755,-10.485
2026-W24,2026-06-14,IRFC.NS,Financial Services,391.0,22.0,C,LAGGARD,BOTTOM_50,-3.969,-8.315
2026-W24,2026-06-14,ALKEM.NS,Healthcare,392.0,21.8,C,NEUTRAL,BOTTOM_50,0.319,-12.788
2026-W24,2026-06-14,PAYTM.NS,Financial Services,393.0,21.6,C,LAGGARD,BOTTOM_50,-4.089,-8.435
2026-W24,2026-06-14,NAUKRI.NS,Consumer Services,394.0,21.4,C,LAGGARD,BOTTOM_50,-8.422,-4.198
2026-W24,2026-06-14,CRISIL.NS,Financial Services,395.0,21.2,C,LAGGARD,BOTTOM_50,-4.154,-8.5
2026-W24,2026-06-14,BPCL.NS,Oil Gas & Consumable Fuels,396.0,21.0,C,LAGGARD,BOTTOM_50,-2.859,-10.098
2026-W24,2026-06-14,MAZDOCK.NS,Capital Goods,397.0,20.8,C,NEUTRAL,BOTTOM_50,2.307,-15.388
2026-W24,2026-06-14,AWL.NS,Fast Moving Consumer Goods,398.0,20.6,C,LAGGARD,BOTTOM_50,-5.351,-7.897
2026-W24,2026-06-14,POLICYBZR.NS,Financial Services,399.0,20.4,C,LAGGARD,BOTTOM_50,-4.464,-8.81
2026-W24,2026-06-14,ABBOTINDIA.NS,Healthcare,400.0,20.2,C,LAGGARD,BOTTOM_50,-0.154,-13.261
2026-W24,2026-06-14,IOC.NS,Oil Gas & Consumable Fuels,401.0,20.0,C,LAGGARD,BOTTOM_50,-3.177,-10.416
2026-W24,2026-06-14,POLYMED.NS,Healthcare,402.0,19.8,C,LAGGARD,BOTTOM_50,-0.287,-13.394
2026-W24,2026-06-14,TVSMOTOR.NS,Automobile and Auto Components,403.0,19.6,C,LAGGARD,BOTTOM_50,-2.218,-11.558
2026-W24,2026-06-14,DALBHARAT.NS,Construction Materials,404.0,19.4,C,LAGGARD,BOTTOM_50,-7.71,-6.302
2026-W24,2026-06-14,BRITANNIA.NS,Fast Moving Consumer Goods,405.0,19.2,C,LAGGARD,BOTTOM_50,-5.749,-8.295
2026-W24,2026-06-14,ABLBL.NS,Consumer Services,406.0,19.0,C,LAGGARD,BOTTOM_50,-9.138,-4.914
2026-W24,2026-06-14,REDINGTON.NS,Services,407.0,18.8,C,LAGGARD,BOTTOM_50,-1.764,-12.34
2026-W24,2026-06-14,BBTC.NS,Fast Moving Consumer Goods,408.0,18.6,C,LAGGARD,BOTTOM_50,-5.783,-8.329
2026-W24,2026-06-14,JIOFIN.NS,Financial Services,409.0,18.4,C,LAGGARD,BOTTOM_50,-5.022,-9.368
2026-W24,2026-06-14,POONAWALLA.NS,Financial Services,410.0,18.2,C,LAGGARD,BOTTOM_50,-5.227,-9.573
2026-W24,2026-06-14,AMBUJACEM.NS,Construction Materials,411.0,18.0,C,LAGGARD,BOTTOM_50,-8.136,-6.728
2026-W24,2026-06-14,GRAVITA.NS,Metals & Mining,412.0,17.8,C,NEUTRAL,BOTTOM_50,0.314,-15.178
2026-W24,2026-06-14,GODIGIT.NS,Financial Services,413.0,17.6,C,LAGGARD,BOTTOM_50,-5.317,-9.663
2026-W24,2026-06-14,HEG.NS,Capital Goods,414.0,17.4,C,NEUTRAL,BOTTOM_50,1.114,-16.581
2026-W24,2026-06-14,FIRSTCRY.NS,Consumer Services,415.0,17.2,C,LAGGARD,BOTTOM_50,-9.92,-5.696
2026-W24,2026-06-14,ICICIGI.NS,Financial Services,416.0,17.0,C,LAGGARD,BOTTOM_50,-5.65,-9.996
2026-W24,2026-06-14,MARUTI.NS,Automobile and Auto Components,417.0,16.8,C,LAGGARD,BOTTOM_50,-3.173,-12.513
2026-W24,2026-06-14,CEATLTD.NS,Automobile and Auto Components,418.0,16.6,C,LAGGARD,BOTTOM_50,-3.207,-12.547
2026-W24,2026-06-14,INFY.NS,Information Technology,419.0,16.4,C,LAGGARD,BOTTOM_50,-11.738,-4.111
2026-W24,2026-06-14,SAPPHIRE.NS,Consumer Services,420.0,16.2,C,LAGGARD,BOTTOM_50,-10.103,-5.879
2026-W24,2026-06-14,EIHOTEL.NS,Consumer Services,421.0,16.0,C,LAGGARD,BOTTOM_50,-10.126,-5.902
2026-W24,2026-06-14,BHARTIARTL.NS,Telecommunication,422.0,15.8,C,LAGGARD,BOTTOM_50,-1.828,-14.228
2026-W24,2026-06-14,UNOMINDA.NS,Automobile and Auto Components,423.0,15.6,C,LAGGARD,BOTTOM_50,-3.751,-13.091
2026-W24,2026-06-14,DABUR.NS,Fast Moving Consumer Goods,424.0,15.4,C,LAGGARD,BOTTOM_50,-7.247,-9.793
2026-W24,2026-06-14,FSL.NS,Services,425.0,15.2,C,LAGGARD,BOTTOM_50,-3.246,-13.822
2026-W24,2026-06-14,ABREL.NS,Realty,426.0,15.0,C,LAGGARD,BOTTOM_50,-9.594,-7.577
2026-W24,2026-06-14,PFIZER.NS,Healthcare,427.0,14.8,C,LAGGARD,BOTTOM_50,-2.211,-15.318
2026-W24,2026-06-14,BAJAJFINSV.NS,Financial Services,428.0,14.6,C,LAGGARD,BOTTOM_50,-6.597,-10.943
2026-W24,2026-06-14,WHIRLPOOL.NS,Consumer Durables,429.0,14.4,C,LAGGARD,BOTTOM_50,-8.786,-8.799
2026-W24,2026-06-14,UTIAMC.NS,Financial Services,430.0,14.2,C,LAGGARD,BOTTOM_50,-6.679,-11.025
2026-W24,2026-06-14,RELIANCE.NS,Oil Gas & Consumable Fuels,431.0,14.0,C,LAGGARD,BOTTOM_50,-5.468,-12.707
2026-W24,2026-06-14,BHARTIHEXA.NS,Telecommunication,432.0,13.8,C,LAGGARD,BOTTOM_50,-3.06,-15.46
2026-W24,2026-06-14,BSOFT.NS,Information Technology,433.0,13.6,C,LAGGARD,BOTTOM_50,-13.183,-5.556
2026-W24,2026-06-14,HAVELLS.NS,Consumer Durables,434.0,13.4,C,LAGGARD,BOTTOM_50,-9.433,-9.446
2026-W24,2026-06-14,WIPRO.NS,Information Technology,435.0,13.2,C,LAGGARD,BOTTOM_50,-13.29,-5.663
2026-W24,2026-06-14,ACC.NS,Construction Materials,436.0,13.0,C,LAGGARD,BOTTOM_50,-10.187,-8.779
2026-W24,2026-06-14,SUNTV.NS,Media Entertainment & Publication,437.0,12.8,C,LAGGARD,BOTTOM_50,-2.127,-16.898
2026-W24,2026-06-14,CONCOR.NS,Services,438.0,12.6,C,LAGGARD,BOTTOM_50,-4.3,-14.876
2026-W24,2026-06-14,COROMANDEL.NS,Chemicals,439.0,12.4,C,LAGGARD,BOTTOM_50,-5.352,-14.082
2026-W24,2026-06-14,UPL.NS,Chemicals,440.0,12.2,C,LAGGARD,BOTTOM_50,-5.445,-14.175
2026-W24,2026-06-14,M&M.NS,Automobile and Auto Components,441.0,12.0,C,LAGGARD,BOTTOM_50,-5.209,-14.549
2026-W24,2026-06-14,MUTHOOTFIN.NS,Financial Services,442.0,11.8,C,LAGGARD,BOTTOM_50,-7.732,-12.078
2026-W24,2026-06-14,RPOWER.NS,Power,443.0,11.6,C,LAGGARD,BOTTOM_50,-3.666,-16.162
2026-W24,2026-06-14,CENTRALBK.NS,Financial Services,444.0,11.4,C,LAGGARD,BOTTOM_50,-7.779,-12.125
2026-W24,2026-06-14,SBILIFE.NS,Financial Services,445.0,11.2,C,LAGGARD,BOTTOM_50,-7.79,-12.136
2026-W24,2026-06-14,ASHOKLEY.NS,Capital Goods,446.0,11.0,C,LAGGARD,BOTTOM_50,-1.18,-18.875
2026-W24,2026-06-14,PIIND.NS,Chemicals,447.0,10.8,C,LAGGARD,BOTTOM_50,-5.859,-14.589
2026-W24,2026-06-14,LATENTVIEW.NS,Information Technology,448.0,10.6,C,LAGGARD,BOTTOM_50,-14.079,-6.452
2026-W24,2026-06-14,TCS.NS,Information Technology,449.0,10.4,C,LAGGARD,BOTTOM_50,-14.111,-6.484
2026-W24,2026-06-14,KFINTECH.NS,Financial Services,450.0,10.2,C,LAGGARD,BOTTOM_50,-8.372,-12.718
2026-W24,2026-06-14,HDFCBANK.NS,Financial Services,451.0,10.0,C,LAGGARD,BOTTOM_50,-8.443,-12.789
2026-W24,2026-06-14,CHOLAHLDNG.NS,Financial Services,452.0,9.8,C,LAGGARD,BOTTOM_50,-8.552,-12.898
2026-W24,2026-06-14,JSL.NS,Metals & Mining,453.0,9.6,C,LAGGARD,BOTTOM_50,-3.274,-18.766
2026-W24,2026-06-14,BLUEDART.NS,Services,454.0,9.4,C,LAGGARD,BOTTOM_50,-5.738,-16.314
2026-W24,2026-06-14,LEMONTREE.NS,Consumer Services,455.0,9.2,C,LAGGARD,BOTTOM_50,-13.223,-8.999
2026-W24,2026-06-14,HEROMOTOCO.NS,Automobile and Auto Components,456.0,9.0,C,LAGGARD,BOTTOM_50,-6.632,-15.972
2026-W24,2026-06-14,MRF.NS,Automobile and Auto Components,457.0,8.8,C,LAGGARD,BOTTOM_50,-6.67,-16.01
2026-W24,2026-06-14,JKTYRE.NS,Automobile and Auto Components,458.0,8.6,C,LAGGARD,BOTTOM_50,-6.735,-16.075
2026-W24,2026-06-14,UBL.NS,Fast Moving Consumer Goods,459.0,8.4,C,LAGGARD,BOTTOM_50,-10.229,-12.775
2026-W24,2026-06-14,ITC.NS,Fast Moving Consumer Goods,460.0,8.2,C,LAGGARD,BOTTOM_50,-10.263,-12.809
2026-W24,2026-06-14,BALKRISIND.NS,Automobile and Auto Components,461.0,8.0,C,LAGGARD,BOTTOM_50,-6.951,-16.291
2026-W24,2026-06-14,SUNDARMFIN.NS,Financial Services,462.0,7.8,C,LAGGARD,BOTTOM_50,-9.471,-13.817
2026-W24,2026-06-14,SYNGENE.NS,Healthcare,463.0,7.6,C,LAGGARD,BOTTOM_50,-5.18,-18.287
2026-W24,2026-06-14,HCLTECH.NS,Information Technology,464.0,7.4,C,LAGGARD,BOTTOM_50,-15.814,-8.187
2026-W24,2026-06-14,PATANJALI.NS,Fast Moving Consumer Goods,465.0,7.2,C,LAGGARD,BOTTOM_50,-10.762,-13.308
2026-W24,2026-06-14,JUBLFOOD.NS,Consumer Services,466.0,7.0,C,LAGGARD,BOTTOM_50,-14.311,-10.087
2026-W24,2026-06-14,MSUMI.NS,Automobile and Auto Components,467.0,6.8,C,LAGGARD,BOTTOM_50,-7.974,-17.314
2026-W24,2026-06-14,LTM.NS,Information Technology,468.0,6.6,C,LAGGARD,BOTTOM_50,-16.555,-8.928
2026-W24,2026-06-14,EMAMILTD.NS,Fast Moving Consumer Goods,469.0,6.4,C,LAGGARD,BOTTOM_50,-11.526,-14.072
2026-W24,2026-06-14,PVRINOX.NS,Media Entertainment & Publication,470.0,6.2,C,LAGGARD,BOTTOM_50,-5.447,-20.218
2026-W24,2026-06-14,NEWGEN.NS,Information Technology,471.0,6.0,C,LAGGARD,BOTTOM_50,-16.809,-9.182
2026-W24,2026-06-14,KALYANKJIL.NS,Consumer Durables,472.0,5.8,C,LAGGARD,BOTTOM_50,-13.044,-13.057
2026-W24,2026-06-14,M&MFIN.NS,Financial Services,473.0,5.6,C,LAGGARD,BOTTOM_50,-10.991,-15.337
2026-W24,2026-06-14,COCHINSHIP.NS,Capital Goods,474.0,5.4,C,LAGGARD,BOTTOM_50,-4.356,-22.051
2026-W24,2026-06-14,NATCOPHARM.NS,Healthcare,475.0,5.2,C,LAGGARD,BOTTOM_50,-6.726,-19.833
2026-W24,2026-06-14,IDBI.NS,Financial Services,476.0,5.0,C,LAGGARD,BOTTOM_50,-11.588,-15.934
2026-W24,2026-06-14,KEC.NS,Construction,477.0,4.8,C,LAGGARD,BOTTOM_50,-12.411,-15.135
2026-W24,2026-06-14,BATAINDIA.NS,Consumer Durables,478.0,4.6,C,LAGGARD,BOTTOM_50,-14.157,-14.17
2026-W24,2026-06-14,APOLLOTYRE.NS,Automobile and Auto Components,479.0,4.4,C,LAGGARD,BOTTOM_50,-9.904,-19.244
2026-W24,2026-06-14,GLAXO.NS,Healthcare,480.0,4.2,C,LAGGARD,BOTTOM_50,-8.281,-21.388
2026-W24,2026-06-14,RHIM.NS,Capital Goods,481.0,4.0,C,LAGGARD,BOTTOM_50,-6.107,-23.802
2026-W24,2026-06-14,SIGNATURE.NS,Realty,482.0,3.8,C,LAGGARD,BOTTOM_50,-16.202,-14.185
2026-W24,2026-06-14,EIDPARRY.NS,Fast Moving Consumer Goods,483.0,3.6,C,LAGGARD,BOTTOM_50,-14.092,-16.638
2026-W24,2026-06-14,SWIGGY.NS,Consumer Services,484.0,3.4,C,LAGGARD,BOTTOM_50,-17.84,-13.616
2026-W24,2026-06-14,HDFCLIFE.NS,Financial Services,485.0,3.2,C,LAGGARD,BOTTOM_50,-14.8,-19.146
2026-W24,2026-06-14,ZENSARTECH.NS,Information Technology,486.0,3.0,C,LAGGARD,BOTTOM_50,-21.026,-13.399
2026-W24,2026-06-14,BDL.NS,Capital Goods,487.0,2.8,C,LAGGARD,BOTTOM_50,-8.638,-26.333
2026-W24,2026-06-14,RVNL.NS,Construction,488.0,2.6,C,LAGGARD,BOTTOM_50,-16.139,-18.863
2026-W24,2026-06-14,SWANCORP.NS,Chemicals,489.0,2.4,C,LAGGARD,BOTTOM_50,-13.79,-22.52
2026-W24,2026-06-14,INOXWIND.NS,Capital Goods,490.0,2.2,C,LAGGARD,BOTTOM_50,-9.495,-27.19
2026-W24,2026-06-14,ICICIPRULI.NS,Financial Services,491.0,2.0,C,LAGGARD,BOTTOM_50,-16.487,-20.833
2026-W24,2026-06-14,SBICARD.NS,Financial Services,492.0,1.8,C,LAGGARD,BOTTOM_50,-17.465,-21.811
2026-W24,2026-06-14,PINELABS.NS,Financial Services,493.0,1.6,C,LAGGARD,BOTTOM_50,-18.311,-22.657
2026-W24,2026-06-14,JYOTICNC.NS,Capital Goods,494.0,1.4,C,LAGGARD,BOTTOM_50,-12.955,-30.65
2026-W24,2026-06-14,ESCORTS.NS,Capital Goods,495.0,1.2,C,LAGGARD,BOTTOM_50,-14.479,-32.174
2026-W24,2026-06-14,MAPMYINDIA.NS,Information Technology,496.0,1.0,C,LAGGARD,BOTTOM_50,-27.531,-19.904
2026-W24,2026-06-14,ECLERX.NS,Services,497.0,0.8,C,LAGGARD,BOTTOM_50,-18.732,-29.308
2026-W24,2026-06-14,KAYNES.NS,Capital Goods,498.0,0.6,C,LAGGARD,BOTTOM_50,-16.305,-34.0
2026-W24,2026-06-14,JAINREC.NS,Metals & Mining,499.0,0.4,C,LAGGARD,BOTTOM_50,-19.639,-35.131
2026-W24,2026-06-14,VEDL.NS,Metals & Mining,500.0,0.2,C,LAGGARD,BOTTOM_50,-33.185,-48.677
2026-W25,2026-06-15,HFCL.NS,Telecommunication,1.0,100.0,A+,MARKET_LEADER,TOP_10,138.069,125.57
2026-W25,2026-06-15,CPPLUS.NS,Capital Goods,2.0,99.8,A+,MARKET_LEADER,TOP_10,113.507,93.792
2026-W25,2026-06-15,IFCI.NS,Financial Services,3.0,99.6,A+,MARKET_LEADER,TOP_10,75.774,69.155
2026-W25,2026-06-15,CEMPRO.NS,Construction,4.0,99.4,A+,MARKET_LEADER,TOP_10,68.909,65.027
2026-W25,2026-06-15,APARINDS.NS,Capital Goods,5.0,99.2,A+,MARKET_LEADER,TOP_10,72.609,52.894
2026-W25,2026-06-15,SYRMA.NS,Capital Goods,6.0,99.0,A+,MARKET_LEADER,TOP_10,71.446,51.731
2026-W25,2026-06-15,ACUTAAS.NS,Healthcare,7.0,98.8,A+,MARKET_LEADER,TOP_10,62.98,50.632
2026-W25,2026-06-15,EMMVEE.NS,Capital Goods,8.0,98.6,A+,MARKET_LEADER,TOP_10,66.217,46.502
2026-W25,2026-06-15,WELCORP.NS,Capital Goods,9.0,98.4,A+,MARKET_LEADER,TOP_10,63.042,43.327
2026-W25,2026-06-15,NETWEB.NS,Information Technology,10.0,98.2,A+,MARKET_LEADER,TOP_10,47.693,53.26
2026-W25,2026-06-15,HONASA.NS,Fast Moving Consumer Goods,11.0,98.0,A+,MARKET_LEADER,TOP_10,51.755,48.581
2026-W25,2026-06-15,POWERINDIA.NS,Capital Goods,12.0,97.8,A+,MARKET_LEADER,TOP_10,58.69,38.975
2026-W25,2026-06-15,ANGELONE.NS,Financial Services,13.0,97.6,A+,MARKET_LEADER,TOP_10,50.329,43.71
2026-W25,2026-06-15,ADANIGREEN.NS,Power,14.0,97.4,A+,MARKET_LEADER,TOP_10,52.306,41.572
2026-W25,2026-06-15,OLAELEC.NS,Automobile and Auto Components,15.0,97.2,A+,MARKET_LEADER,TOP_10,52.126,40.955
2026-W25,2026-06-15,BSE.NS,Financial Services,16.0,97.0,A+,MARKET_LEADER,TOP_10,49.728,43.109
2026-W25,2026-06-15,MAHABANK.NS,Financial Services,17.0,96.8,A+,MARKET_LEADER,TOP_10,49.254,42.635
2026-W25,2026-06-15,ACMESOLAR.NS,Power,18.0,96.6,A+,MARKET_LEADER,TOP_10,51.299,40.565
2026-W25,2026-06-15,J&KBANK.NS,Financial Services,19.0,96.4,A+,MARKET_LEADER,TOP_10,48.277,41.658
2026-W25,2026-06-15,KIRLOSENG.NS,Capital Goods,20.0,96.2,A+,MARKET_LEADER,TOP_10,54.297,34.582
2026-W25,2026-06-15,THERMAX.NS,Capital Goods,21.0,96.0,A+,MARKET_LEADER,TOP_10,54.199,34.484
2026-W25,2026-06-15,ADANIENSOL.NS,Power,22.0,95.8,A+,MARKET_LEADER,TOP_10,49.498,38.764
2026-W25,2026-06-15,ATHERENERG.NS,Automobile and Auto Components,23.0,95.6,A+,MARKET_LEADER,TOP_10,49.6,38.429
2026-W25,2026-06-15,DATAPATTNS.NS,Capital Goods,24.0,95.4,A+,MARKET_LEADER,TOP_10,53.829,34.114
2026-W25,2026-06-15,ADANIPOWER.NS,Power,25.0,95.2,A+,MARKET_LEADER,TOP_10,47.734,37.0
2026-W25,2026-06-15,RRKABEL.NS,Capital Goods,26.0,95.0,A+,MARKET_LEADER,TOP_10,51.9,32.185
2026-W25,2026-06-15,HSCL.NS,Chemicals,27.0,94.8,A+,MARKET_LEADER,TOP_10,45.557,36.854
2026-W25,2026-06-15,IDEA.NS,Telecommunication,28.0,94.6,A+,MARKET_LEADER,TOP_10,45.393,32.894
2026-W25,2026-06-15,WOCKPHARMA.NS,Healthcare,29.0,94.4,A+,MARKET_LEADER,TOP_10,44.176,31.828
2026-W25,2026-06-15,GVT&D.NS,Capital Goods,30.0,94.2,A+,MARKET_LEADER,TOP_10,47.408,27.693
2026-W25,2026-06-15,AEGISLOG.NS,Oil Gas & Consumable Fuels,31.0,94.0,A+,MARKET_LEADER,TOP_10,40.636,31.643
2026-W25,2026-06-15,BELRISE.NS,Automobile and Auto Components,32.0,93.8,A+,MARKET_LEADER,TOP_10,40.026,28.855
2026-W25,2026-06-15,TATATECH.NS,Information Technology,33.0,93.6,A+,MARKET_LEADER,TOP_10,31.042,36.609
2026-W25,2026-06-15,OFSS.NS,Information Technology,34.0,93.4,A+,MARKET_LEADER,TOP_10,30.857,36.424
2026-W25,2026-06-15,BANDHANBNK.NS,Financial Services,35.0,93.2,A+,MARKET_LEADER,TOP_10,36.409,29.79
2026-W25,2026-06-15,SCHNEIDER.NS,Capital Goods,36.0,93.0,A+,MARKET_LEADER,TOP_10,42.301,22.586
2026-W25,2026-06-15,ABSLAMC.NS,Financial Services,37.0,92.8,A+,MARKET_LEADER,TOP_10,35.325,28.706
2026-W25,2026-06-15,GROWW.NS,Financial Services,38.0,92.6,A+,MARKET_LEADER,TOP_10,35.228,28.609
2026-W25,2026-06-15,DEEPAKFERT.NS,Chemicals,39.0,92.4,A+,MARKET_LEADER,TOP_10,36.017,27.314
2026-W25,2026-06-15,LLOYDSME.NS,Metals & Mining,40.0,92.2,A+,MARKET_LEADER,TOP_10,39.495,23.77
2026-W25,2026-06-15,JINDALSAW.NS,Capital Goods,41.0,92.0,A+,MARKET_LEADER,TOP_10,41.066,21.351
2026-W25,2026-06-15,NAM-INDIA.NS,Financial Services,42.0,91.8,A+,MARKET_LEADER,TOP_10,33.517,26.898
2026-W25,2026-06-15,ADANIENT.NS,Metals & Mining,43.0,91.6,A+,MARKET_LEADER,TOP_10,37.849,22.124
2026-W25,2026-06-15,TEJASNET.NS,Telecommunication,44.0,91.4,A+,MARKET_LEADER,TOP_10,35.812,23.313
2026-W25,2026-06-15,BHEL.NS,Capital Goods,45.0,91.2,A+,MARKET_LEADER,TOP_10,38.422,18.707
2026-W25,2026-06-15,LAURUSLABS.NS,Healthcare,46.0,91.0,A+,MARKET_LEADER,TOP_10,34.639,22.291
2026-W25,2026-06-15,GLAND.NS,Healthcare,47.0,90.8,A+,MARKET_LEADER,TOP_10,34.299,21.951
2026-W25,2026-06-15,SAMMAANCAP.NS,Financial Services,48.0,90.6,A+,MARKET_LEADER,TOP_10,30.736,24.117
2026-W25,2026-06-15,CAPLIPOINT.NS,Healthcare,49.0,90.4,A+,MARKET_LEADER,TOP_10,33.575,21.227
2026-W25,2026-06-15,NUVAMA.NS,Financial Services,50.0,90.2,A+,MARKET_LEADER,TOP_10,29.992,23.373
2026-W25,2026-06-15,CHENNPETRO.NS,Oil Gas & Consumable Fuels,51.0,90.0,A,SECTOR_LEADER,TOP_20,31.113,22.12
2026-W25,2026-06-15,BHARATFORG.NS,Automobile and Auto Components,52.0,89.8,A,SECTOR_LEADER,TOP_20,32.134,20.963
2026-W25,2026-06-15,CGPOWER.NS,Capital Goods,53.0,89.6,A,SECTOR_LEADER,TOP_20,35.563,15.848
2026-W25,2026-06-15,SAILIFE.NS,Healthcare,54.0,89.4,A,SECTOR_LEADER,TOP_20,31.849,19.501
2026-W25,2026-06-15,PIRAMALFIN.NS,Financial Services,55.0,89.2,A,SECTOR_LEADER,TOP_20,28.475,21.856
2026-W25,2026-06-15,CRAFTSMAN.NS,Automobile and Auto Components,56.0,89.0,A,SECTOR_LEADER,TOP_20,30.665,19.494
2026-W25,2026-06-15,GRANULES.NS,Healthcare,57.0,88.8,A,SECTOR_LEADER,TOP_20,31.174,18.826
2026-W25,2026-06-15,SOLARINDS.NS,Chemicals,58.0,88.6,A,SECTOR_LEADER,TOP_20,29.051,20.348
2026-W25,2026-06-15,TRITURBINE.NS,Capital Goods,59.0,88.4,A,SECTOR_LEADER,TOP_20,34.289,14.574
2026-W25,2026-06-15,FINCABLES.NS,Capital Goods,60.0,88.2,A,SECTOR_LEADER,TOP_20,34.187,14.472
2026-W25,2026-06-15,SAIL.NS,Metals & Mining,61.0,88.0,A,SECTOR_LEADER,TOP_20,32.078,16.353
2026-W25,2026-06-15,MOTHERSON.NS,Automobile and Auto Components,62.0,87.8,A,SECTOR_LEADER,TOP_20,29.454,18.283
2026-W25,2026-06-15,SCI.NS,Services,63.0,87.6,A,SECTOR_LEADER,TOP_20,30.238,17.127
2026-W25,2026-06-15,MCX.NS,Financial Services,64.0,87.4,A,SECTOR_LEADER,TOP_20,26.879,20.26
2026-W25,2026-06-15,ZEEL.NS,Media Entertainment & Publication,65.0,87.2,A,SECTOR_LEADER,TOP_20,29.082,16.76
2026-W25,2026-06-15,MINDACORP.NS,Automobile and Auto Components,66.0,87.0,A,SECTOR_LEADER,TOP_20,28.294,17.123
2026-W25,2026-06-15,KEI.NS,Capital Goods,67.0,86.8,A,SECTOR_LEADER,TOP_20,32.495,12.78
2026-W25,2026-06-15,CGCL.NS,Financial Services,68.0,86.6,A,SECTOR_LEADER,TOP_20,25.501,18.882
2026-W25,2026-06-15,ZENTEC.NS,Capital Goods,69.0,86.4,A,NEUTRAL,TOP_20,32.036,12.321
2026-W25,2026-06-15,JBMA.NS,Automobile and Auto Components,70.0,86.2,A,SECTOR_LEADER,TOP_20,27.699,16.528
2026-W25,2026-06-15,SAREGAMA.NS,Media Entertainment & Publication,71.0,86.0,A,SECTOR_LEADER,TOP_20,28.267,15.945
2026-W25,2026-06-15,NLCINDIA.NS,Power,72.0,85.8,A,SECTOR_LEADER,TOP_20,27.374,16.64
2026-W25,2026-06-15,VTL.NS,Textiles,73.0,85.6,A,SECTOR_LEADER,TOP_20,28.94,14.82
2026-W25,2026-06-15,RBLBANK.NS,Financial Services,74.0,85.4,A,SECTOR_LEADER,TOP_20,25.172,18.553
2026-W25,2026-06-15,ATGL.NS,Oil Gas & Consumable Fuels,75.0,85.2,A,SECTOR_LEADER,TOP_20,26.324,17.331
2026-W25,2026-06-15,ZYDUSWELL.NS,Fast Moving Consumer Goods,76.0,85.0,A,SECTOR_LEADER,TOP_20,23.286,20.112
2026-W25,2026-06-15,POLYCAB.NS,Capital Goods,77.0,84.8,A,NEUTRAL,TOP_20,31.014,11.299
2026-W25,2026-06-15,ASTERDM.NS,Healthcare,78.0,84.6,A,SECTOR_LEADER,TOP_20,27.195,14.847
2026-W25,2026-06-15,TIINDIA.NS,Automobile and Auto Components,79.0,84.4,A,SECTOR_LEADER,TOP_20,26.573,15.402
2026-W25,2026-06-15,NAVINFLUOR.NS,Chemicals,80.0,84.2,A,SECTOR_LEADER,TOP_20,25.337,16.634
2026-W25,2026-06-15,ENGINERSIN.NS,Construction,81.0,84.0,A,SECTOR_LEADER,TOP_20,22.628,18.746
2026-W25,2026-06-15,MOTILALOFS.NS,Financial Services,82.0,83.8,A,SECTOR_LEADER,TOP_20,23.609,16.99
2026-W25,2026-06-15,VIJAYA.NS,Healthcare,83.0,83.6,A,SECTOR_LEADER,TOP_20,26.126,13.778
2026-W25,2026-06-15,MMTC.NS,Services,84.0,83.4,A,SECTOR_LEADER,TOP_20,26.426,13.315
2026-W25,2026-06-15,BALRAMCHIN.NS,Fast Moving Consumer Goods,85.0,83.2,A,SECTOR_LEADER,TOP_20,21.18,18.006
2026-W25,2026-06-15,FEDERALBNK.NS,Financial Services,86.0,83.0,A,SECTOR_LEADER,TOP_20,22.386,15.767
2026-W25,2026-06-15,ABDL.NS,Fast Moving Consumer Goods,87.0,82.8,A,SECTOR_LEADER,TOP_20,20.467,17.293
2026-W25,2026-06-15,ADANIPORTS.NS,Services,88.0,82.6,A,NEUTRAL,TOP_20,25.405,12.294
2026-W25,2026-06-15,SONACOMS.NS,Automobile and Auto Components,89.0,82.4,A,SECTOR_LEADER,TOP_20,24.275,13.104
2026-W25,2026-06-15,VBL.NS,Fast Moving Consumer Goods,90.0,82.2,A,SECTOR_LEADER,TOP_20,20.139,16.965
2026-W25,2026-06-15,ANANDRATHI.NS,Financial Services,91.0,82.0,A,SECTOR_LEADER,TOP_20,21.436,14.817
2026-W25,2026-06-15,LENSKART.NS,Consumer Services,92.0,81.8,A,SECTOR_LEADER,TOP_20,17.229,18.706
2026-W25,2026-06-15,HINDCOPPER.NS,Metals & Mining,93.0,81.6,A,NEUTRAL,TOP_20,25.784,10.059
2026-W25,2026-06-15,OLECTRA.NS,Automobile and Auto Components,94.0,81.4,A,NEUTRAL,TOP_20,23.476,12.305
2026-W25,2026-06-15,THELEELA.NS,Consumer Services,95.0,81.2,A,SECTOR_LEADER,TOP_20,17.0,18.477
2026-W25,2026-06-15,ELGIEQUIP.NS,Capital Goods,96.0,81.0,A,NEUTRAL,TOP_20,27.551,7.836
2026-W25,2026-06-15,GRASIM.NS,Construction Materials,97.0,80.8,A,SECTOR_LEADER,TOP_20,18.857,16.125
2026-W25,2026-06-15,TATACOMM.NS,Telecommunication,98.0,80.6,A,NEUTRAL,TOP_20,23.622,11.123
2026-W25,2026-06-15,NSLNISP.NS,Metals & Mining,99.0,80.4,A,NEUTRAL,TOP_20,25.123,9.398
2026-W25,2026-06-15,NATIONALUM.NS,Metals & Mining,100.0,80.2,A,NEUTRAL,TOP_20,24.996,9.271
2026-W25,2026-06-15,IKS.NS,Information Technology,101.0,80.0,A,SECTOR_LEADER,TOP_50,14.214,19.781
2026-W25,2026-06-15,JSWENERGY.NS,Power,102.0,79.8,A,NEUTRAL,TOP_50,22.252,11.518
2026-W25,2026-06-15,SHYAMMETL.NS,Capital Goods,103.0,79.6,A,NEUTRAL,TOP_50,26.591,6.876
2026-W25,2026-06-15,ENRIN.NS,Capital Goods,104.0,79.4,A,NEUTRAL,TOP_50,26.569,6.854
2026-W25,2026-06-15,AARTIIND.NS,Chemicals,105.0,79.2,A,NEUTRAL,TOP_50,20.903,12.2
2026-W25,2026-06-15,PNBHOUSING.NS,Financial Services,106.0,79.0,A,SECTOR_LEADER,TOP_50,19.698,13.079
2026-W25,2026-06-15,TMPV.NS,Automobile and Auto Components,107.0,78.8,A,NEUTRAL,TOP_50,21.932,10.761
2026-W25,2026-06-15,MANAPPURAM.NS,Financial Services,108.0,78.6,A,SECTOR_LEADER,TOP_50,19.653,13.034
2026-W25,2026-06-15,RADICO.NS,Fast Moving Consumer Goods,109.0,78.4,A,SECTOR_LEADER,TOP_50,17.855,14.681
2026-W25,2026-06-15,ABB.NS,Capital Goods,110.0,78.2,A,NEUTRAL,TOP_50,26.085,6.37
2026-W25,2026-06-15,CARBORUNIV.NS,Capital Goods,111.0,78.0,A,NEUTRAL,TOP_50,25.895,6.18
2026-W25,2026-06-15,PFC.NS,Financial Services,112.0,77.8,A,SECTOR_LEADER,TOP_50,19.324,12.705
2026-W25,2026-06-15,TITAGARH.NS,Capital Goods,113.0,77.6,A,NEUTRAL,TOP_50,25.682,5.967
2026-W25,2026-06-15,PREMIERENE.NS,Capital Goods,114.0,77.4,A,NEUTRAL,TOP_50,25.57,5.855
2026-W25,2026-06-15,ZYDUSLIFE.NS,Healthcare,115.0,77.2,A,NEUTRAL,TOP_50,21.875,9.527
2026-W25,2026-06-15,CUMMINSIND.NS,Capital Goods,116.0,77.0,A,NEUTRAL,TOP_50,24.997,5.282
2026-W25,2026-06-15,AIAENG.NS,Capital Goods,117.0,76.8,A,NEUTRAL,TOP_50,24.72,5.005
2026-W25,2026-06-15,ELECON.NS,Capital Goods,118.0,76.6,A,NEUTRAL,TOP_50,24.663,4.948
2026-W25,2026-06-15,NIVABUPA.NS,Financial Services,119.0,76.4,A,NEUTRAL,TOP_50,18.087,11.468
2026-W25,2026-06-15,ANTHEM.NS,Healthcare,120.0,76.2,A,NEUTRAL,TOP_50,20.767,8.419
2026-W25,2026-06-15,AIIL.NS,Financial Services,121.0,76.0,A,NEUTRAL,TOP_50,17.804,11.185
2026-W25,2026-06-15,TARIL.NS,Capital Goods,122.0,75.8,A,NEUTRAL,TOP_50,24.124,4.409
2026-W25,2026-06-15,CCL.NS,Fast Moving Consumer Goods,123.0,75.6,A,NEUTRAL,TOP_50,15.602,12.428
2026-W25,2026-06-15,TRAVELFOOD.NS,Consumer Services,124.0,75.4,A,SECTOR_LEADER,TOP_50,13.195,14.672
2026-W25,2026-06-15,ANANTRAJ.NS,Realty,125.0,75.2,A,SECTOR_LEADER,TOP_50,14.86,12.98
2026-W25,2026-06-15,NYKAA.NS,Consumer Services,126.0,75.0,B+,SECTOR_LEADER,TOP_50,13.081,14.558
2026-W25,2026-06-15,EXIDEIND.NS,Automobile and Auto Components,127.0,74.8,B+,NEUTRAL,TOP_50,19.325,8.154
2026-W25,2026-06-15,NESTLEIND.NS,Fast Moving Consumer Goods,128.0,74.6,B+,NEUTRAL,TOP_50,15.19,12.016
2026-W25,2026-06-15,KIMS.NS,Healthcare,129.0,74.4,B+,NEUTRAL,TOP_50,19.596,7.248
2026-W25,2026-06-15,JSWCEMENT.NS,Construction Materials,130.0,74.2,B+,NEUTRAL,TOP_50,14.759,12.027
2026-W25,2026-06-15,GESHIP.NS,Services,131.0,74.0,B+,NEUTRAL,TOP_50,19.893,6.782
2026-W25,2026-06-15,GABRIEL.NS,Automobile and Auto Components,132.0,73.8,B+,EMERGING_LEADER,TOP_50,18.695,7.524
2026-W25,2026-06-15,KPIL.NS,Construction,133.0,73.6,B+,NEUTRAL,TOP_50,14.952,11.07
2026-W25,2026-06-15,AUROPHARMA.NS,Healthcare,134.0,73.4,B+,NEUTRAL,TOP_50,19.141,6.793
2026-W25,2026-06-15,CARTRADE.NS,Consumer Services,135.0,73.2,B+,SECTOR_LEADER,TOP_50,12.112,13.589
2026-W25,2026-06-15,YESBANK.NS,Financial Services,136.0,73.0,B+,NEUTRAL,TOP_50,15.971,9.352
2026-W25,2026-06-15,APOLLOHOSP.NS,Healthcare,137.0,72.8,B+,NEUTRAL,TOP_50,18.817,6.469
2026-W25,2026-06-15,JBCHEPHARM.NS,Healthcare,138.0,72.6,B+,NEUTRAL,TOP_50,18.704,6.356
2026-W25,2026-06-15,NBCC.NS,Construction,139.0,72.4,B+,NEUTRAL,TOP_50,14.459,10.577
2026-W25,2026-06-15,EMCURE.NS,Healthcare,140.0,72.2,B+,NEUTRAL,TOP_50,18.614,6.266
2026-W25,2026-06-15,KAJARIACER.NS,Consumer Durables,141.0,72.0,B+,NEUTRAL,TOP_50,13.45,11.206
2026-W25,2026-06-15,INDUSINDBK.NS,Financial Services,142.0,71.8,B+,NEUTRAL,TOP_50,15.384,8.765
2026-W25,2026-06-15,STARHEALTH.NS,Financial Services,143.0,71.6,B+,NEUTRAL,TOP_50,15.303,8.684
2026-W25,2026-06-15,GMDCLTD.NS,Metals & Mining,144.0,71.4,B+,NEUTRAL,TOP_50,19.757,4.032
2026-W25,2026-06-15,ASIANPAINT.NS,Consumer Durables,145.0,71.2,B+,NEUTRAL,TOP_50,12.881,10.637
2026-W25,2026-06-15,LT.NS,Construction,146.0,71.0,B+,NEUTRAL,TOP_50,13.697,9.815
2026-W25,2026-06-15,GODREJIND.NS,Diversified,147.0,70.8,B+,NEUTRAL,TOP_50,11.509,11.911
2026-W25,2026-06-15,NMDC.NS,Metals & Mining,148.0,70.6,B+,NEUTRAL,TOP_50,19.502,3.777
2026-W25,2026-06-15,NEULANDLAB.NS,Healthcare,149.0,70.4,B+,NEUTRAL,TOP_50,17.769,5.421
2026-W25,2026-06-15,SHRIRAMFIN.NS,Financial Services,150.0,70.2,B+,NEUTRAL,TOP_50,14.776,8.157
2026-W25,2026-06-15,KPRMILL.NS,Textiles,151.0,70.0,B+,NEUTRAL,TOP_50,18.295,4.175
2026-W25,2026-06-15,AMBER.NS,Consumer Durables,152.0,69.8,B+,NEUTRAL,TOP_50,12.261,10.017
2026-W25,2026-06-15,IGIL.NS,Services,153.0,69.6,B+,NEUTRAL,TOP_50,17.685,4.574
2026-W25,2026-06-15,PHOENIXLTD.NS,Realty,154.0,69.4,B+,NEUTRAL,TOP_50,12.049,10.169
2026-W25,2026-06-15,BOSCHLTD.NS,Automobile and Auto Components,155.0,69.2,B+,NEUTRAL,TOP_50,16.573,5.402
2026-W25,2026-06-15,CREDITACC.NS,Financial Services,156.0,69.0,B+,NEUTRAL,TOP_50,14.284,7.665
2026-W25,2026-06-15,FORTIS.NS,Healthcare,157.0,68.8,B+,NEUTRAL,TOP_50,17.1,4.752
2026-W25,2026-06-15,KARURVYSYA.NS,Financial Services,158.0,68.6,B+,NEUTRAL,TOP_50,14.0,7.381
2026-W25,2026-06-15,CHAMBLFERT.NS,Chemicals,159.0,68.4,B+,NEUTRAL,TOP_50,14.833,6.13
2026-W25,2026-06-15,MARICO.NS,Fast Moving Consumer Goods,160.0,68.2,B+,NEUTRAL,TOP_50,12.051,8.877
2026-W25,2026-06-15,GAIL.NS,Oil Gas & Consumable Fuels,161.0,68.0,B+,NEUTRAL,TOP_50,14.888,5.895
2026-W25,2026-06-15,TBOTEK.NS,Consumer Services,162.0,67.8,B+,EMERGING_LEADER,TOP_50,9.575,11.052
2026-W25,2026-06-15,PAGEIND.NS,Textiles,163.0,67.6,B+,NEUTRAL,TOP_50,17.33,3.21
2026-W25,2026-06-15,BLUEJET.NS,Healthcare,164.0,67.4,B+,NEUTRAL,TOP_50,16.423,4.075
2026-W25,2026-06-15,JSWSTEEL.NS,Metals & Mining,165.0,67.2,B+,NEUTRAL,TOP_50,18.093,2.368
2026-W25,2026-06-15,URBANCO.NS,Consumer Services,166.0,67.0,B+,NEUTRAL,TOP_50,9.15,10.627
2026-W25,2026-06-15,TITAN.NS,Consumer Durables,167.0,66.8,B+,NEUTRAL,TOP_50,10.898,8.654
2026-W25,2026-06-15,SUZLON.NS,Capital Goods,168.0,66.6,B+,NEUTRAL,TOP_50,19.63,-0.085
2026-W25,2026-06-15,AXISBANK.NS,Financial Services,169.0,66.4,B+,NEUTRAL,TOP_50,12.915,6.296
2026-W25,2026-06-15,CAMS.NS,Financial Services,170.0,66.2,B+,NEUTRAL,TOP_50,12.88,6.261
2026-W25,2026-06-15,TORNTPHARM.NS,Healthcare,171.0,66.0,B+,NEUTRAL,TOP_50,15.673,3.325
2026-W25,2026-06-15,OBEROIRLTY.NS,Realty,172.0,65.8,B+,NEUTRAL,TOP_50,10.403,8.523
2026-W25,2026-06-15,TATASTEEL.NS,Metals & Mining,173.0,65.6,B+,NEUTRAL,TOP_50,17.233,1.508
2026-W25,2026-06-15,PIDILITIND.NS,Chemicals,174.0,65.4,B+,NEUTRAL,TOP_50,13.689,4.986
2026-W25,2026-06-15,LICHSGFIN.NS,Financial Services,175.0,65.2,B+,NEUTRAL,TOP_50,12.554,5.935
2026-W25,2026-06-15,FACT.NS,Chemicals,176.0,65.0,B+,NEUTRAL,TOP_50,13.427,4.724
2026-W25,2026-06-15,UNIONBANK.NS,Financial Services,177.0,64.8,B+,NEUTRAL,TOP_50,12.315,5.696
2026-W25,2026-06-15,TENNIND.NS,Automobile and Auto Components,178.0,64.6,B+,NEUTRAL,TOP_50,14.546,3.375
2026-W25,2026-06-15,CONCORDBIO.NS,Healthcare,179.0,64.4,B+,NEUTRAL,TOP_50,15.067,2.719
2026-W25,2026-06-15,JPPOWER.NS,Power,180.0,64.2,B+,NEUTRAL,TOP_50,14.211,3.477
2026-W25,2026-06-15,HONAUT.NS,Capital Goods,181.0,64.0,B+,NEUTRAL,TOP_50,18.558,-1.157
2026-W25,2026-06-15,HINDALCO.NS,Metals & Mining,182.0,63.8,B+,NEUTRAL,TOP_50,16.504,0.779
2026-W25,2026-06-15,BAJAJ-AUTO.NS,Automobile and Auto Components,183.0,63.6,B+,NEUTRAL,TOP_50,14.172,3.001
2026-W25,2026-06-15,HUDCO.NS,Financial Services,184.0,63.4,B+,NEUTRAL,TOP_50,11.881,5.262
2026-W25,2026-06-15,CANHLIFE.NS,Financial Services,185.0,63.2,B+,NEUTRAL,TOP_50,11.857,5.238
2026-W25,2026-06-15,USHAMART.NS,Capital Goods,186.0,63.0,B+,NEUTRAL,TOP_50,18.28,-1.435
2026-W25,2026-06-15,JSWINFRA.NS,Services,187.0,62.8,B+,NEUTRAL,TOP_50,14.939,1.828
2026-W25,2026-06-15,SUMICHEM.NS,Chemicals,188.0,62.6,B+,NEUTRAL,TOP_50,12.723,4.02
2026-W25,2026-06-15,RKFORGE.NS,Automobile and Auto Components,189.0,62.4,B+,NEUTRAL,TOP_50,13.926,2.755
2026-W25,2026-06-15,LALPATHLAB.NS,Healthcare,190.0,62.2,B+,NEUTRAL,TOP_50,14.376,2.028
2026-W25,2026-06-15,IDFCFIRSTB.NS,Financial Services,191.0,62.0,B+,NEUTRAL,TOP_50,11.456,4.837
2026-W25,2026-06-15,ABCAPITAL.NS,Financial Services,192.0,61.8,B+,NEUTRAL,TOP_50,11.42,4.801
2026-W25,2026-06-15,RAINBOW.NS,Healthcare,193.0,61.6,B+,NEUTRAL,TOP_50,14.283,1.935
2026-W25,2026-06-15,INDHOTEL.NS,Consumer Services,194.0,61.4,B+,NEUTRAL,TOP_50,7.247,8.724
2026-W25,2026-06-15,AUBANK.NS,Financial Services,195.0,61.2,B+,NEUTRAL,TOP_50,11.191,4.572
2026-W25,2026-06-15,GMRAIRPORT.NS,Services,196.0,61.0,B+,NEUTRAL,TOP_50,14.369,1.258
2026-W25,2026-06-15,BERGEPAINT.NS,Consumer Durables,197.0,60.8,B+,NEUTRAL,TOP_50,8.572,6.328
2026-W25,2026-06-15,CUB.NS,Financial Services,198.0,60.6,B+,NEUTRAL,TOP_50,10.703,4.084
2026-W25,2026-06-15,BANKINDIA.NS,Financial Services,199.0,60.4,B+,NEUTRAL,TOP_50,10.628,4.009
2026-W25,2026-06-15,DEEPAKNTR.NS,Chemicals,200.0,60.2,B+,NEUTRAL,TOP_50,11.592,2.889
2026-W25,2026-06-15,INDIANB.NS,Financial Services,201.0,60.0,B+,NEUTRAL,TOP_50,10.54,3.921
2026-W25,2026-06-15,LINDEINDIA.NS,Chemicals,202.0,59.8,B+,NEUTRAL,TOP_50,11.367,2.664
2026-W25,2026-06-15,DMART.NS,Consumer Services,203.0,59.6,B+,NEUTRAL,TOP_50,6.168,7.645
2026-W25,2026-06-15,MEESHO.NS,Consumer Services,204.0,59.4,B+,NEUTRAL,TOP_50,6.056,7.533
2026-W25,2026-06-15,TATACAP.NS,Financial Services,205.0,59.2,B+,NEUTRAL,TOP_50,10.041,3.422
2026-W25,2026-06-15,CROMPTON.NS,Consumer Durables,206.0,59.0,B+,NEUTRAL,TOP_50,7.667,5.423
2026-W25,2026-06-15,DIXON.NS,Consumer Durables,207.0,58.8,B+,EMERGING_LEADER,TOP_50,7.543,5.299
2026-W25,2026-06-15,CIEINDIA.NS,Automobile and Auto Components,208.0,58.6,B+,NEUTRAL,TOP_50,11.938,0.767
2026-W25,2026-06-15,APTUS.NS,Financial Services,209.0,58.4,B+,NEUTRAL,TOP_50,9.636,3.017
2026-W25,2026-06-15,VMM.NS,Consumer Services,210.0,58.2,B+,NEUTRAL,TOP_50,5.519,6.996
2026-W25,2026-06-15,DELHIVERY.NS,Services,211.0,58.0,B+,NEUTRAL,TOP_50,12.733,-0.378
2026-W25,2026-06-15,TECHM.NS,Information Technology,212.0,57.8,B+,NEUTRAL,TOP_50,3.33,8.897
2026-W25,2026-06-15,NIACL.NS,Financial Services,213.0,57.6,B+,NEUTRAL,TOP_50,9.374,2.755
2026-W25,2026-06-15,ATUL.NS,Chemicals,214.0,57.4,B+,NEUTRAL,TOP_50,10.382,1.679
2026-W25,2026-06-15,AFFLE.NS,Information Technology,215.0,57.2,B+,NEUTRAL,TOP_50,3.198,8.765
2026-W25,2026-06-15,FLUOROCHEM.NS,Chemicals,216.0,57.0,B+,NEUTRAL,TOP_50,10.156,1.453
2026-W25,2026-06-15,COALINDIA.NS,Oil Gas & Consumable Fuels,217.0,56.8,B+,NEUTRAL,TOP_50,10.289,1.296
2026-W25,2026-06-15,SBIN.NS,Financial Services,218.0,56.6,B+,NEUTRAL,TOP_50,9.023,2.404
2026-W25,2026-06-15,MRPL.NS,Oil Gas & Consumable Fuels,219.0,56.4,B+,NEUTRAL,TOP_50,10.137,1.144
2026-W25,2026-06-15,ETERNAL.NS,Consumer Services,220.0,56.2,B+,EMERGING_LEADER,TOP_50,4.545,6.022
2026-W25,2026-06-15,RECLTD.NS,Financial Services,221.0,56.0,B+,NEUTRAL,TOP_50,8.544,1.925
2026-W25,2026-06-15,GPIL.NS,Capital Goods,222.0,55.8,B+,NEUTRAL,TOP_50,15.083,-4.632
2026-W25,2026-06-15,SIEMENS.NS,Capital Goods,223.0,55.6,B+,NEUTRAL,TOP_50,15.002,-4.713
2026-W25,2026-06-15,PETRONET.NS,Oil Gas & Consumable Fuels,224.0,55.4,B+,NEUTRAL,TOP_50,9.57,0.577
2026-W25,2026-06-15,360ONE.NS,Financial Services,225.0,55.2,B+,NEUTRAL,TOP_50,8.315,1.696
2026-W25,2026-06-15,WELSPUNLIV.NS,Textiles,226.0,55.0,B+,NEUTRAL,TOP_50,12.059,-2.061
2026-W25,2026-06-15,AJANTPHARM.NS,Healthcare,227.0,54.8,B+,NEUTRAL,TOP_50,11.108,-1.24
2026-W25,2026-06-15,ICICIAMC.NS,Financial Services,228.0,54.6,B+,NEUTRAL,TOP_50,8.198,1.67
2026-W25,2026-06-15,ITI.NS,Telecommunication,229.0,54.4,B+,NEUTRAL,TOP_50,11.128,-1.371
2026-W25,2026-06-15,IRB.NS,Construction,230.0,54.2,B+,NEUTRAL,TOP_50,6.813,2.931
2026-W25,2026-06-15,JSWDULUX.NS,Consumer Durables,231.0,54.0,B+,NEUTRAL,TOP_50,5.987,3.743
2026-W25,2026-06-15,SPLPETRO.NS,Chemicals,232.0,53.8,B+,NEUTRAL,TOP_50,9.182,0.479
2026-W25,2026-06-15,EICHERMOT.NS,Automobile and Auto Components,233.0,53.6,B+,NEUTRAL,TOP_50,10.257,-0.914
2026-W25,2026-06-15,MEDANTA.NS,Healthcare,234.0,53.4,B+,NEUTRAL,TOP_50,10.768,-1.58
2026-W25,2026-06-15,ULTRACEMCO.NS,Construction Materials,235.0,53.2,B+,NEUTRAL,TOP_50,5.956,3.224
2026-W25,2026-06-15,COFORGE.NS,Information Technology,236.0,53.0,B+,EMERGING_LEADER,TOP_50,1.7,7.267
2026-W25,2026-06-15,IIFL.NS,Financial Services,237.0,52.8,B+,NEUTRAL,TOP_50,7.791,1.172
2026-W25,2026-06-15,LTF.NS,Financial Services,238.0,52.6,B+,EMERGING_LEADER,TOP_50,7.775,1.156
2026-W25,2026-06-15,NAVA.NS,Power,239.0,52.4,B+,EMERGING_LEADER,TOP_50,9.813,-0.921
2026-W25,2026-06-15,INDIGO.NS,Services,240.0,52.2,B+,NEUTRAL,TOP_50,10.885,-2.226
2026-W25,2026-06-15,ZFCVINDIA.NS,Automobile and Auto Components,241.0,52.0,B+,NEUTRAL,TOP_50,9.797,-1.374
2026-W25,2026-06-15,BIOCON.NS,Healthcare,242.0,51.8,B+,NEUTRAL,TOP_50,10.377,-1.971
2026-W25,2026-06-15,PWL.NS,Consumer Services,243.0,51.6,B+,NEUTRAL,TOP_50,3.402,4.879
2026-W25,2026-06-15,ICICIBANK.NS,Financial Services,244.0,51.4,B+,NEUTRAL,TOP_50,7.433,0.814
2026-W25,2026-06-15,GRSE.NS,Capital Goods,245.0,51.2,B+,NEUTRAL,TOP_50,13.868,-5.847
2026-W25,2026-06-15,MGL.NS,Oil Gas & Consumable Fuels,246.0,51.0,B+,NEUTRAL,TOP_50,8.368,-0.625
2026-W25,2026-06-15,HDFCAMC.NS,Financial Services,247.0,50.8,B+,NEUTRAL,TOP_50,7.174,0.555
2026-W25,2026-06-15,PRESTIGE.NS,Realty,248.0,50.6,B+,EMERGING_LEADER,TOP_50,4.75,2.87
2026-W25,2026-06-15,BANKBARODA.NS,Financial Services,249.0,50.4,B+,NEUTRAL,TOP_50,7.1,0.481
2026-W25,2026-06-15,COLPAL.NS,Fast Moving Consumer Goods,250.0,50.2,B+,NEUTRAL,TOP_50,5.323,2.149
2026-W25,2026-06-15,TIMKEN.NS,Capital Goods,251.0,50.0,B,NEUTRAL,BOTTOM_50,13.534,-6.181
2026-W25,2026-06-15,TATACHEM.NS,Chemicals,252.0,49.8,B,NEUTRAL,BOTTOM_50,7.933,-0.77
2026-W25,2026-06-15,PCBL.NS,Chemicals,253.0,49.6,B,EMERGING_LEADER,BOTTOM_50,7.903,-0.8
2026-W25,2026-06-15,COHANCE.NS,Healthcare,254.0,49.4,B,EMERGING_LEADER,BOTTOM_50,9.607,-2.741
2026-W25,2026-06-15,INDIACEM.NS,Construction Materials,255.0,49.2,B,NEUTRAL,BOTTOM_50,4.794,2.062
2026-W25,2026-06-15,AAVAS.NS,Financial Services,256.0,49.0,B,NEUTRAL,BOTTOM_50,6.712,0.093
2026-W25,2026-06-15,AADHARHFC.NS,Financial Services,257.0,48.8,B,NEUTRAL,BOTTOM_50,6.674,0.055
2026-W25,2026-06-15,GALLANTT.NS,Capital Goods,258.0,48.6,B,NEUTRAL,BOTTOM_50,13.186,-6.529
2026-W25,2026-06-15,CASTROLIND.NS,Oil Gas & Consumable Fuels,259.0,48.4,B,NEUTRAL,BOTTOM_50,7.762,-1.231
2026-W25,2026-06-15,SCHAEFFLER.NS,Automobile and Auto Components,260.0,48.2,B,NEUTRAL,BOTTOM_50,8.696,-2.475
2026-W25,2026-06-15,NTPCGREEN.NS,Power,261.0,48.0,B,NEUTRAL,BOTTOM_50,8.461,-2.273
2026-W25,2026-06-15,CHOICEIN.NS,Financial Services,262.0,47.8,B,EMERGING_LEADER,BOTTOM_50,6.331,-0.288
2026-W25,2026-06-15,BIKAJI.NS,Fast Moving Consumer Goods,263.0,47.6,B,NEUTRAL,BOTTOM_50,4.505,1.331
2026-W25,2026-06-15,HOMEFIRST.NS,Financial Services,264.0,47.4,B,NEUTRAL,BOTTOM_50,6.205,-0.414
2026-W25,2026-06-15,GICRE.NS,Financial Services,265.0,47.2,B,NEUTRAL,BOTTOM_50,6.179,-0.44
2026-W25,2026-06-15,MANKIND.NS,Healthcare,266.0,47.0,B,NEUTRAL,BOTTOM_50,9.0,-3.348
2026-W25,2026-06-15,BAJFINANCE.NS,Financial Services,267.0,46.8,B,NEUTRAL,BOTTOM_50,6.106,-0.513
2026-W25,2026-06-15,LUPIN.NS,Healthcare,268.0,46.6,B,NEUTRAL,BOTTOM_50,8.912,-3.436
2026-W25,2026-06-15,AEGISVOPAK.NS,Oil Gas & Consumable Fuels,269.0,46.4,B,NEUTRAL,BOTTOM_50,7.078,-1.915
2026-W25,2026-06-15,NH.NS,Healthcare,270.0,46.2,B,NEUTRAL,BOTTOM_50,8.719,-3.629
2026-W25,2026-06-15,CHOLAFIN.NS,Financial Services,271.0,46.0,B,EMERGING_LEADER,BOTTOM_50,5.85,-0.769
2026-W25,2026-06-15,IPCALAB.NS,Healthcare,272.0,45.8,B,NEUTRAL,BOTTOM_50,8.691,-3.657
2026-W25,2026-06-15,KOTAKBANK.NS,Financial Services,273.0,45.6,B,NEUTRAL,BOTTOM_50,5.822,-0.797
2026-W25,2026-06-15,NUVOCO.NS,Construction Materials,274.0,45.4,B,NEUTRAL,BOTTOM_50,3.795,1.063
2026-W25,2026-06-15,BEML.NS,Capital Goods,275.0,45.2,B,NEUTRAL,BOTTOM_50,12.262,-7.453
2026-W25,2026-06-15,RAILTEL.NS,Telecommunication,276.0,45.0,B,EMERGING_LEADER,BOTTOM_50,8.515,-3.984
2026-W25,2026-06-15,SHREECEM.NS,Construction Materials,277.0,44.8,B,NEUTRAL,BOTTOM_50,3.479,0.747
2026-W25,2026-06-15,INDGN.NS,Healthcare,278.0,44.6,B,NEUTRAL,BOTTOM_50,8.279,-4.069
2026-W25,2026-06-15,DIVISLAB.NS,Healthcare,279.0,44.4,B,NEUTRAL,BOTTOM_50,8.273,-4.075
2026-W25,2026-06-15,ENDURANCE.NS,Automobile and Auto Components,280.0,44.2,B,EMERGING_LEADER,BOTTOM_50,7.623,-3.548
2026-W25,2026-06-15,TORNTPOWER.NS,Power,281.0,44.0,B,NEUTRAL,BOTTOM_50,7.372,-3.362
2026-W25,2026-06-15,VOLTAS.NS,Consumer Durables,282.0,43.8,B,NEUTRAL,BOTTOM_50,3.084,0.84
2026-W25,2026-06-15,GRAPHITE.NS,Capital Goods,283.0,43.6,B,NEUTRAL,BOTTOM_50,11.573,-8.142
2026-W25,2026-06-15,SOBHA.NS,Realty,284.0,43.4,B,NEUTRAL,BOTTOM_50,2.648,0.768
2026-W25,2026-06-15,GODREJPROP.NS,Realty,285.0,43.2,B,EMERGING_LEADER,BOTTOM_50,2.509,0.629
2026-W25,2026-06-15,JUBLPHARMA.NS,Healthcare,286.0,43.0,B,NEUTRAL,BOTTOM_50,7.739,-4.609
2026-W25,2026-06-15,MPHASIS.NS,Information Technology,287.0,42.8,B,EMERGING_LEADER,BOTTOM_50,-1.292,4.275
2026-W25,2026-06-15,RITES.NS,Construction,288.0,42.6,B,NEUTRAL,BOTTOM_50,3.391,-0.491
2026-W25,2026-06-15,BAJAJHLDNG.NS,Financial Services,289.0,42.4,B,NEUTRAL,BOTTOM_50,4.668,-1.951
2026-W25,2026-06-15,DLF.NS,Realty,290.0,42.2,B,EMERGING_LEADER,BOTTOM_50,2.267,0.387
2026-W25,2026-06-15,TATACONSUM.NS,Fast Moving Consumer Goods,291.0,42.0,B,NEUTRAL,BOTTOM_50,2.897,-0.277
2026-W25,2026-06-15,WAAREEENER.NS,Capital Goods,292.0,41.8,B,NEUTRAL,BOTTOM_50,11.039,-8.676
2026-W25,2026-06-15,NCC.NS,Construction,293.0,41.6,B,NEUTRAL,BOTTOM_50,2.993,-0.889
2026-W25,2026-06-15,JWL.NS,Capital Goods,294.0,41.4,B,NEUTRAL,BOTTOM_50,10.907,-8.808
2026-W25,2026-06-15,CESC.NS,Power,295.0,41.2,B,NEUTRAL,BOTTOM_50,6.367,-4.367
2026-W25,2026-06-15,LODHA.NS,Realty,296.0,41.0,B,EMERGING_LEADER,BOTTOM_50,1.914,0.034
2026-W25,2026-06-15,GLENMARK.NS,Healthcare,297.0,40.8,B,NEUTRAL,BOTTOM_50,7.065,-5.283
2026-W25,2026-06-15,PPLPHARMA.NS,Healthcare,298.0,40.6,B,EMERGING_LEADER,BOTTOM_50,7.04,-5.308
2026-W25,2026-06-15,HDBFS.NS,Financial Services,299.0,40.4,B,EMERGING_LEADER,BOTTOM_50,4.151,-2.468
2026-W25,2026-06-15,JINDALSTEL.NS,Metals & Mining,300.0,40.2,B,NEUTRAL,BOTTOM_50,8.699,-7.026
2026-W25,2026-06-15,GILLETTE.NS,Fast Moving Consumer Goods,301.0,40.0,B,NEUTRAL,BOTTOM_50,2.416,-0.758
2026-W25,2026-06-15,TATAINVEST.NS,Financial Services,302.0,39.8,B,NEUTRAL,BOTTOM_50,4.133,-2.486
2026-W25,2026-06-15,IREDA.NS,Financial Services,303.0,39.6,B,NEUTRAL,BOTTOM_50,4.016,-2.603
2026-W25,2026-06-15,POWERGRID.NS,Power,304.0,39.4,B,NEUTRAL,BOTTOM_50,5.994,-4.74
2026-W25,2026-06-15,HINDZINC.NS,Metals & Mining,305.0,39.2,B,NEUTRAL,BOTTOM_50,8.483,-7.242
2026-W25,2026-06-15,CANFINHOME.NS,Financial Services,306.0,39.0,B,NEUTRAL,BOTTOM_50,3.771,-2.848
2026-W25,2026-06-15,TATAPOWER.NS,Power,307.0,38.8,B,NEUTRAL,BOTTOM_50,5.826,-4.908
2026-W25,2026-06-15,BLS.NS,Consumer Services,308.0,38.6,B,EMERGING_LEADER,BOTTOM_50,-0.346,1.131
2026-W25,2026-06-15,TTML.NS,Telecommunication,309.0,38.4,B,EMERGING_LEADER,BOTTOM_50,6.582,-5.917
2026-W25,2026-06-15,FORCEMOT.NS,Automobile and Auto Components,310.0,38.2,B,EMERGING_LEADER,BOTTOM_50,5.9,-5.271
2026-W25,2026-06-15,LTFOODS.NS,Fast Moving Consumer Goods,311.0,38.0,B,NEUTRAL,BOTTOM_50,1.771,-1.403
2026-W25,2026-06-15,INDIAMART.NS,Consumer Services,312.0,37.8,B,EMERGING_LEADER,BOTTOM_50,-0.565,0.912
2026-W25,2026-06-15,FIVESTAR.NS,Financial Services,313.0,37.6,B,EMERGING_LEADER,BOTTOM_50,3.386,-3.233
2026-W25,2026-06-15,HBLENGINE.NS,Capital Goods,314.0,37.4,B,NEUTRAL,BOTTOM_50,9.906,-9.809
2026-W25,2026-06-15,TMCV.NS,Capital Goods,315.0,37.2,B,NEUTRAL,BOTTOM_50,9.722,-9.993
2026-W25,2026-06-15,LICI.NS,Financial Services,316.0,37.0,B,NEUTRAL,BOTTOM_50,3.158,-3.461
2026-W25,2026-06-15,INTELLECT.NS,Information Technology,317.0,36.8,B,EMERGING_LEADER,BOTTOM_50,-3.078,2.489
2026-W25,2026-06-15,IRCON.NS,Construction,318.0,36.6,B,NEUTRAL,BOTTOM_50,1.638,-2.244
2026-W25,2026-06-15,CANBK.NS,Financial Services,319.0,36.4,B,NEUTRAL,BOTTOM_50,2.985,-3.634
2026-W25,2026-06-15,HINDUNILVR.NS,Fast Moving Consumer Goods,320.0,36.2,B,NEUTRAL,BOTTOM_50,1.245,-1.929
2026-W25,2026-06-15,LGEINDIA.NS,Consumer Durables,321.0,36.0,B,NEUTRAL,BOTTOM_50,0.603,-1.641
2026-W25,2026-06-15,GODREJCP.NS,Fast Moving Consumer Goods,322.0,35.8,B,NEUTRAL,BOTTOM_50,0.969,-2.205
2026-W25,2026-06-15,ACE.NS,Capital Goods,323.0,35.6,B,NEUTRAL,BOTTOM_50,9.207,-10.508
2026-W25,2026-06-15,PNB.NS,Financial Services,324.0,35.4,B,NEUTRAL,BOTTOM_50,2.639,-3.98
2026-W25,2026-06-15,AFCONS.NS,Construction,325.0,35.2,B,NEUTRAL,BOTTOM_50,1.26,-2.622
2026-W25,2026-06-15,DOMS.NS,Fast Moving Consumer Goods,326.0,35.0,B,NEUTRAL,BOTTOM_50,0.732,-2.442
2026-W25,2026-06-15,NTPC.NS,Power,327.0,34.8,B,NEUTRAL,BOTTOM_50,4.498,-6.236
2026-W25,2026-06-15,NHPC.NS,Power,328.0,34.6,B,NEUTRAL,BOTTOM_50,4.419,-6.315
2026-W25,2026-06-15,PERSISTENT.NS,Information Technology,329.0,34.4,B,EMERGING_LEADER,BOTTOM_50,-3.779,1.788
2026-W25,2026-06-15,TATAELXSI.NS,Information Technology,330.0,34.2,B,NEUTRAL,BOTTOM_50,-3.794,1.773
2026-W25,2026-06-15,UCOBANK.NS,Financial Services,331.0,34.0,B,NEUTRAL,BOTTOM_50,2.202,-4.417
2026-W25,2026-06-15,SARDAEN.NS,Metals & Mining,332.0,33.8,B,NEUTRAL,BOTTOM_50,6.745,-8.98
2026-W25,2026-06-15,SJVN.NS,Power,333.0,33.6,B,NEUTRAL,BOTTOM_50,4.164,-6.57
2026-W25,2026-06-15,SAGILITY.NS,Information Technology,334.0,33.4,B,NEUTRAL,BOTTOM_50,-4.07,1.497
2026-W25,2026-06-15,HEXT.NS,Information Technology,335.0,33.2,B,EMERGING_LEADER,BOTTOM_50,-4.089,1.478
2026-W25,2026-06-15,TRENT.NS,Consumer Services,336.0,33.0,B,LAGGARD,BOTTOM_50,-2.125,-0.648
2026-W25,2026-06-15,3MINDIA.NS,Diversified,337.0,32.8,B,LAGGARD,BOTTOM_50,-1.596,-1.194
2026-W25,2026-06-15,PTCIL.NS,Capital Goods,338.0,32.6,B,NEUTRAL,BOTTOM_50,8.455,-11.26
2026-W25,2026-06-15,INDUSTOWER.NS,Telecommunication,339.0,32.4,B,NEUTRAL,BOTTOM_50,4.69,-7.809
2026-W25,2026-06-15,IGL.NS,Oil Gas & Consumable Fuels,340.0,32.2,B,NEUTRAL,BOTTOM_50,2.889,-6.104
2026-W25,2026-06-15,HINDPETRO.NS,Oil Gas & Consumable Fuels,341.0,32.0,B,EMERGING_LEADER,BOTTOM_50,2.745,-6.248
2026-W25,2026-06-15,SRF.NS,Chemicals,342.0,31.8,B,NEUTRAL,BOTTOM_50,2.449,-6.254
2026-W25,2026-06-15,DRREDDY.NS,Healthcare,343.0,31.6,B,NEUTRAL,BOTTOM_50,4.169,-8.179
2026-W25,2026-06-15,IOB.NS,Financial Services,344.0,31.4,B,NEUTRAL,BOTTOM_50,1.224,-5.395
2026-W25,2026-06-15,SUNPHARMA.NS,Healthcare,345.0,31.2,B,NEUTRAL,BOTTOM_50,3.921,-8.427
2026-W25,2026-06-15,SONATSOFTW.NS,Information Technology,346.0,31.0,B,NEUTRAL,BOTTOM_50,-5.051,0.516
2026-W25,2026-06-15,BAJAJHFL.NS,Financial Services,347.0,30.8,B,EMERGING_LEADER,BOTTOM_50,1.03,-5.589
2026-W25,2026-06-15,ITCHOTELS.NS,Consumer Services,348.0,30.6,B,LAGGARD,BOTTOM_50,-3.131,-1.654
2026-W25,2026-06-15,JKCEMENT.NS,Construction Materials,349.0,30.4,B,LAGGARD,BOTTOM_50,-1.05,-3.782
2026-W25,2026-06-15,CLEAN.NS,Chemicals,350.0,30.2,B,EMERGING_LEADER,BOTTOM_50,1.924,-6.779
2026-W25,2026-06-15,MFSL.NS,Financial Services,351.0,30.0,B,NEUTRAL,BOTTOM_50,0.703,-5.916
2026-W25,2026-06-15,LTTS.NS,Information Technology,352.0,29.8,B,NEUTRAL,BOTTOM_50,-5.415,0.152
2026-W25,2026-06-15,PGEL.NS,Consumer Durables,353.0,29.6,B,LAGGARD,BOTTOM_50,-1.621,-3.865
2026-W25,2026-06-15,BAYERCROP.NS,Chemicals,354.0,29.4,B,NEUTRAL,BOTTOM_50,1.607,-7.096
2026-W25,2026-06-15,PAYTM.NS,Financial Services,355.0,29.2,B,NEUTRAL,BOTTOM_50,0.449,-6.17
2026-W25,2026-06-15,JUBLINGREA.NS,Chemicals,356.0,29.0,B,NEUTRAL,BOTTOM_50,1.479,-7.224
2026-W25,2026-06-15,IEX.NS,Financial Services,357.0,28.8,B,NEUTRAL,BOTTOM_50,0.368,-6.251
2026-W25,2026-06-15,ASAHIINDIA.NS,Automobile and Auto Components,358.0,28.6,B,EMERGING_LEADER,BOTTOM_50,2.534,-8.637
2026-W25,2026-06-15,TRIDENT.NS,Textiles,359.0,28.4,B,NEUTRAL,BOTTOM_50,3.917,-10.203
2026-W25,2026-06-15,DCMSHRIRAM.NS,Diversified,360.0,28.2,B,LAGGARD,BOTTOM_50,-3.542,-3.14
2026-W25,2026-06-15,PARADEEP.NS,Chemicals,361.0,28.0,B,EMERGING_LEADER,BOTTOM_50,0.924,-7.779
2026-W25,2026-06-15,JMFINANCIL.NS,Financial Services,362.0,27.8,B,LAGGARD,BOTTOM_50,-0.227,-6.846
2026-W25,2026-06-15,ARE&M.NS,Automobile and Auto Components,363.0,27.6,B,EMERGING_LEADER,BOTTOM_50,2.027,-9.144
2026-W25,2026-06-15,ONESOURCE.NS,Healthcare,364.0,27.4,B,NEUTRAL,BOTTOM_50,2.528,-9.82
2026-W25,2026-06-15,SBFC.NS,Financial Services,365.0,27.2,B,LAGGARD,BOTTOM_50,-0.548,-7.167
2026-W25,2026-06-15,TECHNOE.NS,Construction,366.0,27.0,B,LAGGARD,BOTTOM_50,-1.931,-5.813
2026-W25,2026-06-15,ANURAS.NS,Chemicals,367.0,26.8,B,NEUTRAL,BOTTOM_50,0.421,-8.282
2026-W25,2026-06-15,HYUNDAI.NS,Automobile and Auto Components,368.0,26.6,B,EMERGING_LEADER,BOTTOM_50,1.42,-9.751
2026-W25,2026-06-15,ASTRAL.NS,Capital Goods,369.0,26.4,B,NEUTRAL,BOTTOM_50,5.669,-14.046
2026-W25,2026-06-15,CYIENT.NS,Information Technology,370.0,26.2,B,LAGGARD,BOTTOM_50,-6.985,-1.418
2026-W25,2026-06-15,DEVYANI.NS,Consumer Services,371.0,26.0,B,LAGGARD,BOTTOM_50,-4.974,-3.497
2026-W25,2026-06-15,SUPREMEIND.NS,Capital Goods,372.0,25.8,B,NEUTRAL,BOTTOM_50,5.607,-14.108
2026-W25,2026-06-15,CIPLA.NS,Healthcare,373.0,25.6,B,NEUTRAL,BOTTOM_50,1.887,-10.461
2026-W25,2026-06-15,TVSMOTOR.NS,Automobile and Auto Components,374.0,25.4,B,NEUTRAL,BOTTOM_50,1.298,-9.873
2026-W25,2026-06-15,CDSL.NS,Financial Services,375.0,25.2,B,LAGGARD,BOTTOM_50,-1.081,-7.7
2026-W25,2026-06-15,CHALET.NS,Consumer Services,376.0,25.0,C,LAGGARD,BOTTOM_50,-5.168,-3.691
2026-W25,2026-06-15,TEGA.NS,Capital Goods,377.0,24.8,C,NEUTRAL,BOTTOM_50,5.334,-14.381
2026-W25,2026-06-15,MARUTI.NS,Automobile and Auto Components,378.0,24.6,C,EMERGING_LEADER,BOTTOM_50,0.899,-10.272
2026-W25,2026-06-15,MAXHEALTH.NS,Healthcare,379.0,24.4,C,NEUTRAL,BOTTOM_50,1.486,-10.862
2026-W25,2026-06-15,ABFRL.NS,Consumer Services,380.0,24.2,C,LAGGARD,BOTTOM_50,-5.479,-4.002
2026-W25,2026-06-15,ERIS.NS,Healthcare,381.0,24.0,C,EMERGING_LEADER,BOTTOM_50,1.401,-10.947
2026-W25,2026-06-15,KPITTECH.NS,Information Technology,382.0,23.8,C,LAGGARD,BOTTOM_50,-7.565,-1.998
2026-W25,2026-06-15,IOC.NS,Oil Gas & Consumable Fuels,383.0,23.6,C,LAGGARD,BOTTOM_50,-0.327,-9.32
2026-W25,2026-06-15,ONGC.NS,Oil Gas & Consumable Fuels,384.0,23.4,C,LAGGARD,BOTTOM_50,-0.398,-9.391
2026-W25,2026-06-15,BPCL.NS,Oil Gas & Consumable Fuels,385.0,23.2,C,LAGGARD,BOTTOM_50,-0.435,-9.428
2026-W25,2026-06-15,AWL.NS,Fast Moving Consumer Goods,386.0,23.0,C,LAGGARD,BOTTOM_50,-3.402,-6.576
2026-W25,2026-06-15,UNITDSPR.NS,Fast Moving Consumer Goods,387.0,22.8,C,LAGGARD,BOTTOM_50,-3.41,-6.584
2026-W25,2026-06-15,GRAVITA.NS,Metals & Mining,388.0,22.6,C,NEUTRAL,BOTTOM_50,2.801,-12.924
2026-W25,2026-06-15,ASHOKLEY.NS,Capital Goods,389.0,22.4,C,EMERGING_LEADER,BOTTOM_50,4.775,-14.94
2026-W25,2026-06-15,GODFRYPHLP.NS,Fast Moving Consumer Goods,390.0,22.2,C,LAGGARD,BOTTOM_50,-3.495,-6.669
2026-W25,2026-06-15,UNOMINDA.NS,Automobile and Auto Components,391.0,22.0,C,NEUTRAL,BOTTOM_50,0.468,-10.703
2026-W25,2026-06-15,HAL.NS,Capital Goods,392.0,21.8,C,NEUTRAL,BOTTOM_50,4.704,-15.011
2026-W25,2026-06-15,IRFC.NS,Financial Services,393.0,21.6,C,LAGGARD,BOTTOM_50,-1.846,-8.465
2026-W25,2026-06-15,POLYMED.NS,Healthcare,394.0,21.4,C,EMERGING_LEADER,BOTTOM_50,0.89,-11.458
2026-W25,2026-06-15,OIL.NS,Oil Gas & Consumable Fuels,395.0,21.2,C,LAGGARD,BOTTOM_50,-0.789,-9.782
2026-W25,2026-06-15,POONAWALLA.NS,Financial Services,396.0,21.0,C,LAGGARD,BOTTOM_50,-2.002,-8.621
2026-W25,2026-06-15,NAUKRI.NS,Consumer Services,397.0,20.8,C,LAGGARD,BOTTOM_50,-6.076,-4.599
2026-W25,2026-06-15,CRISIL.NS,Financial Services,398.0,20.6,C,LAGGARD,BOTTOM_50,-2.069,-8.688
2026-W25,2026-06-15,MAZDOCK.NS,Capital Goods,399.0,20.4,C,NEUTRAL,BOTTOM_50,4.477,-15.238
2026-W25,2026-06-15,BLUESTARCO.NS,Consumer Durables,400.0,20.2,C,LAGGARD,BOTTOM_50,-4.268,-6.512
2026-W25,2026-06-15,ALKEM.NS,Healthcare,401.0,20.0,C,NEUTRAL,BOTTOM_50,0.675,-11.673
2026-W25,2026-06-15,RAMCOCEM.NS,Construction Materials,402.0,19.8,C,LAGGARD,BOTTOM_50,-4.134,-6.866
2026-W25,2026-06-15,BRIGADE.NS,Realty,403.0,19.6,C,LAGGARD,BOTTOM_50,-4.87,-6.75
2026-W25,2026-06-15,BEL.NS,Capital Goods,404.0,19.4,C,NEUTRAL,BOTTOM_50,4.035,-15.68
2026-W25,2026-06-15,SAPPHIRE.NS,Consumer Services,405.0,19.2,C,LAGGARD,BOTTOM_50,-6.56,-5.083
2026-W25,2026-06-15,APLAPOLLO.NS,Capital Goods,406.0,19.0,C,NEUTRAL,BOTTOM_50,3.895,-15.82
2026-W25,2026-06-15,DALBHARAT.NS,Construction Materials,407.0,18.8,C,LAGGARD,BOTTOM_50,-4.681,-7.413
2026-W25,2026-06-15,RPOWER.NS,Power,408.0,18.6,C,LAGGARD,BOTTOM_50,-0.765,-11.499
2026-W25,2026-06-15,BBTC.NS,Fast Moving Consumer Goods,409.0,18.4,C,LAGGARD,BOTTOM_50,-4.552,-7.726
2026-W25,2026-06-15,ABBOTINDIA.NS,Healthcare,410.0,18.2,C,NEUTRAL,BOTTOM_50,0.009,-12.339
2026-W25,2026-06-15,BRITANNIA.NS,Fast Moving Consumer Goods,411.0,18.0,C,LAGGARD,BOTTOM_50,-4.583,-7.757
2026-W25,2026-06-15,BAJAJFINSV.NS,Financial Services,412.0,17.8,C,LAGGARD,BOTTOM_50,-2.978,-9.597
2026-W25,2026-06-15,JIOFIN.NS,Financial Services,413.0,17.6,C,LAGGARD,BOTTOM_50,-3.087,-9.706
2026-W25,2026-06-15,ABLBL.NS,Consumer Services,414.0,17.4,C,LAGGARD,BOTTOM_50,-7.363,-5.886
2026-W25,2026-06-15,IRCTC.NS,Consumer Services,415.0,17.2,C,LAGGARD,BOTTOM_50,-7.455,-5.978
2026-W25,2026-06-15,SUNDARMFIN.NS,Financial Services,416.0,17.0,C,LAGGARD,BOTTOM_50,-3.485,-10.104
2026-W25,2026-06-15,MUTHOOTFIN.NS,Financial Services,417.0,16.8,C,LAGGARD,BOTTOM_50,-3.519,-10.138
2026-W25,2026-06-15,REDINGTON.NS,Services,418.0,16.6,C,LAGGARD,BOTTOM_50,-0.346,-13.457
2026-W25,2026-06-15,M&M.NS,Automobile and Auto Components,419.0,16.4,C,LAGGARD,BOTTOM_50,-1.376,-12.547
2026-W25,2026-06-15,ICICIGI.NS,Financial Services,420.0,16.2,C,LAGGARD,BOTTOM_50,-3.767,-10.386
2026-W25,2026-06-15,AMBUJACEM.NS,Construction Materials,421.0,16.0,C,LAGGARD,BOTTOM_50,-5.72,-8.452
2026-W25,2026-06-15,FIRSTCRY.NS,Consumer Services,422.0,15.8,C,LAGGARD,BOTTOM_50,-7.855,-6.378
2026-W25,2026-06-15,CHOLAHLDNG.NS,Financial Services,423.0,15.6,C,LAGGARD,BOTTOM_50,-3.879,-10.498
2026-W25,2026-06-15,COROMANDEL.NS,Chemicals,424.0,15.4,C,LAGGARD,BOTTOM_50,-2.916,-11.619
2026-W25,2026-06-15,CEATLTD.NS,Automobile and Auto Components,425.0,15.2,C,LAGGARD,BOTTOM_50,-1.74,-12.911
2026-W25,2026-06-15,DABUR.NS,Fast Moving Consumer Goods,426.0,15.0,C,LAGGARD,BOTTOM_50,-6.034,-9.208
2026-W25,2026-06-15,KALYANKJIL.NS,Consumer Durables,427.0,14.8,C,LAGGARD,BOTTOM_50,-6.504,-8.748
2026-W25,2026-06-15,EIHOTEL.NS,Consumer Services,428.0,14.6,C,LAGGARD,BOTTOM_50,-8.404,-6.927
2026-W25,2026-06-15,BSOFT.NS,Information Technology,429.0,14.4,C,LAGGARD,BOTTOM_50,-10.462,-4.895
2026-W25,2026-06-15,UTIAMC.NS,Financial Services,430.0,14.2,C,LAGGARD,BOTTOM_50,-4.553,-11.172
2026-W25,2026-06-15,HAVELLS.NS,Consumer Durables,431.0,14.0,C,LAGGARD,BOTTOM_50,-6.762,-9.006
2026-W25,2026-06-15,WHIRLPOOL.NS,Consumer Durables,432.0,13.8,C,LAGGARD,BOTTOM_50,-6.763,-9.007
2026-W25,2026-06-15,BHARTIARTL.NS,Telecommunication,433.0,13.6,C,LAGGARD,BOTTOM_50,-1.796,-14.295
2026-W25,2026-06-15,BALKRISIND.NS,Automobile and Auto Components,434.0,13.4,C,LAGGARD,BOTTOM_50,-2.589,-13.76
2026-W25,2026-06-15,HEG.NS,Capital Goods,435.0,13.2,C,NEUTRAL,BOTTOM_50,1.645,-18.07
2026-W25,2026-06-15,JKTYRE.NS,Automobile and Auto Components,436.0,13.0,C,LAGGARD,BOTTOM_50,-2.643,-13.814
2026-W25,2026-06-15,ABREL.NS,Realty,437.0,12.8,C,LAGGARD,BOTTOM_50,-7.322,-9.202
2026-W25,2026-06-15,INFY.NS,Information Technology,438.0,12.6,C,LAGGARD,BOTTOM_50,-11.132,-5.565
2026-W25,2026-06-15,POLICYBZR.NS,Financial Services,439.0,12.4,C,LAGGARD,BOTTOM_50,-5.245,-11.864
2026-W25,2026-06-15,KFINTECH.NS,Financial Services,440.0,12.2,C,LAGGARD,BOTTOM_50,-5.293,-11.912
2026-W25,2026-06-15,SUNTV.NS,Media Entertainment & Publication,441.0,12.0,C,LAGGARD,BOTTOM_50,-2.465,-14.787
2026-W25,2026-06-15,LEMONTREE.NS,Consumer Services,442.0,11.8,C,LAGGARD,BOTTOM_50,-9.408,-7.931
2026-W25,2026-06-15,UPL.NS,Chemicals,443.0,11.6,C,LAGGARD,BOTTOM_50,-4.448,-13.151
2026-W25,2026-06-15,PFIZER.NS,Healthcare,444.0,11.4,C,LAGGARD,BOTTOM_50,-2.724,-15.072
2026-W25,2026-06-15,RELIANCE.NS,Oil Gas & Consumable Fuels,445.0,11.2,C,LAGGARD,BOTTOM_50,-4.439,-13.432
2026-W25,2026-06-15,PVRINOX.NS,Media Entertainment & Publication,446.0,11.0,C,LAGGARD,BOTTOM_50,-2.808,-15.13
2026-W25,2026-06-15,CONCOR.NS,Services,447.0,10.8,C,LAGGARD,BOTTOM_50,-2.446,-15.557
2026-W25,2026-06-15,BLUEDART.NS,Services,448.0,10.6,C,LAGGARD,BOTTOM_50,-2.546,-15.657
2026-W25,2026-06-15,PIIND.NS,Chemicals,449.0,10.4,C,LAGGARD,BOTTOM_50,-5.147,-13.85
2026-W25,2026-06-15,BHARTIHEXA.NS,Telecommunication,450.0,10.2,C,LAGGARD,BOTTOM_50,-3.365,-15.864
2026-W25,2026-06-15,GODIGIT.NS,Financial Services,451.0,10.0,C,LAGGARD,BOTTOM_50,-6.46,-13.079
2026-W25,2026-06-15,ACC.NS,Construction Materials,452.0,9.8,C,LAGGARD,BOTTOM_50,-8.468,-11.2
2026-W25,2026-06-15,NATCOPHARM.NS,Healthcare,453.0,9.6,C,LAGGARD,BOTTOM_50,-3.674,-16.022
2026-W25,2026-06-15,MRF.NS,Automobile and Auto Components,454.0,9.4,C,LAGGARD,BOTTOM_50,-4.431,-15.602
2026-W25,2026-06-15,FSL.NS,Services,455.0,9.2,C,LAGGARD,BOTTOM_50,-3.607,-16.718
2026-W25,2026-06-15,HEROMOTOCO.NS,Automobile and Auto Components,456.0,9.0,C,LAGGARD,BOTTOM_50,-4.622,-15.793
2026-W25,2026-06-15,LATENTVIEW.NS,Information Technology,457.0,8.8,C,LAGGARD,BOTTOM_50,-12.991,-7.424
2026-W25,2026-06-15,M&MFIN.NS,Financial Services,458.0,8.6,C,LAGGARD,BOTTOM_50,-6.945,-13.564
2026-W25,2026-06-15,CENTRALBK.NS,Financial Services,459.0,8.4,C,LAGGARD,BOTTOM_50,-7.068,-13.687
2026-W25,2026-06-15,HDFCBANK.NS,Financial Services,460.0,8.2,C,LAGGARD,BOTTOM_50,-7.137,-13.756
2026-W25,2026-06-15,SBILIFE.NS,Financial Services,461.0,8.0,C,LAGGARD,BOTTOM_50,-7.225,-13.844
2026-W25,2026-06-15,MSUMI.NS,Automobile and Auto Components,462.0,7.8,C,LAGGARD,BOTTOM_50,-5.182,-16.353
2026-W25,2026-06-15,WIPRO.NS,Information Technology,463.0,7.6,C,LAGGARD,BOTTOM_50,-13.558,-7.991
2026-W25,2026-06-15,APOLLOTYRE.NS,Automobile and Auto Components,464.0,7.4,C,LAGGARD,BOTTOM_50,-5.265,-16.436
2026-W25,2026-06-15,JUBLFOOD.NS,Consumer Services,465.0,7.2,C,LAGGARD,BOTTOM_50,-11.977,-10.5
2026-W25,2026-06-15,TCS.NS,Information Technology,466.0,7.0,C,LAGGARD,BOTTOM_50,-14.068,-8.501
2026-W25,2026-06-15,SYNGENE.NS,Healthcare,467.0,6.8,C,LAGGARD,BOTTOM_50,-5.188,-17.536
2026-W25,2026-06-15,UBL.NS,Fast Moving Consumer Goods,468.0,6.6,C,LAGGARD,BOTTOM_50,-9.923,-13.097
2026-W25,2026-06-15,ITC.NS,Fast Moving Consumer Goods,469.0,6.4,C,LAGGARD,BOTTOM_50,-10.104,-13.278
2026-W25,2026-06-15,JSL.NS,Metals & Mining,470.0,6.2,C,LAGGARD,BOTTOM_50,-3.865,-19.59
2026-W25,2026-06-15,PATANJALI.NS,Fast Moving Consumer Goods,471.0,6.0,C,LAGGARD,BOTTOM_50,-10.231,-13.405
2026-W25,2026-06-15,COCHINSHIP.NS,Capital Goods,472.0,5.8,C,LAGGARD,BOTTOM_50,-2.287,-22.002
2026-W25,2026-06-15,EMAMILTD.NS,Fast Moving Consumer Goods,473.0,5.6,C,LAGGARD,BOTTOM_50,-10.916,-14.09
2026-W25,2026-06-15,NEWGEN.NS,Information Technology,474.0,5.4,C,LAGGARD,BOTTOM_50,-15.342,-9.775
2026-W25,2026-06-15,BATAINDIA.NS,Consumer Durables,475.0,5.2,C,LAGGARD,BOTTOM_50,-11.596,-13.84
2026-W25,2026-06-15,IDBI.NS,Financial Services,476.0,5.0,C,LAGGARD,BOTTOM_50,-9.423,-16.042
2026-W25,2026-06-15,KEC.NS,Construction,477.0,4.8,C,LAGGARD,BOTTOM_50,-11.394,-15.276
2026-W25,2026-06-15,SWIGGY.NS,Consumer Services,478.0,4.6,C,LAGGARD,BOTTOM_50,-14.195,-12.718
2026-W25,2026-06-15,HCLTECH.NS,Information Technology,479.0,4.4,C,LAGGARD,BOTTOM_50,-16.415,-10.848
2026-W25,2026-06-15,LTM.NS,Information Technology,480.0,4.2,C,LAGGARD,BOTTOM_50,-16.43,-10.863
2026-W25,2026-06-15,RHIM.NS,Capital Goods,481.0,4.0,C,LAGGARD,BOTTOM_50,-4.202,-23.917
2026-W25,2026-06-15,EIDPARRY.NS,Fast Moving Consumer Goods,482.0,3.8,C,LAGGARD,BOTTOM_50,-12.713,-15.887
2026-W25,2026-06-15,GLAXO.NS,Healthcare,483.0,3.6,C,LAGGARD,BOTTOM_50,-8.584,-20.932
2026-W25,2026-06-15,INOXWIND.NS,Capital Goods,484.0,3.4,C,LAGGARD,BOTTOM_50,-5.165,-24.88
2026-W25,2026-06-15,RVNL.NS,Construction,485.0,3.2,C,LAGGARD,BOTTOM_50,-13.389,-17.271
2026-W25,2026-06-15,SIGNATURE.NS,Realty,486.0,3.0,C,LAGGARD,BOTTOM_50,-14.47,-16.35
2026-W25,2026-06-15,HDFCLIFE.NS,Financial Services,487.0,2.8,C,LAGGARD,BOTTOM_50,-13.324,-19.943
2026-W25,2026-06-15,BDL.NS,Capital Goods,488.0,2.6,C,LAGGARD,BOTTOM_50,-6.892,-26.607
2026-W25,2026-06-15,ZENSARTECH.NS,Information Technology,489.0,2.4,C,LAGGARD,BOTTOM_50,-19.898,-14.331
2026-W25,2026-06-15,SWANCORP.NS,Chemicals,490.0,2.2,C,LAGGARD,BOTTOM_50,-13.096,-21.799
2026-W25,2026-06-15,ICICIPRULI.NS,Financial Services,491.0,2.0,C,LAGGARD,BOTTOM_50,-15.497,-22.116
2026-W25,2026-06-15,PINELABS.NS,Financial Services,492.0,1.8,C,LAGGARD,BOTTOM_50,-15.504,-22.123
2026-W25,2026-06-15,SBICARD.NS,Financial Services,493.0,1.6,C,LAGGARD,BOTTOM_50,-15.783,-22.402
2026-W25,2026-06-15,KAYNES.NS,Capital Goods,494.0,1.4,C,LAGGARD,BOTTOM_50,-10.082,-29.797
2026-W25,2026-06-15,JYOTICNC.NS,Capital Goods,495.0,1.2,C,LAGGARD,BOTTOM_50,-10.297,-30.012
2026-W25,2026-06-15,MAPMYINDIA.NS,Information Technology,496.0,1.0,C,LAGGARD,BOTTOM_50,-24.244,-18.677
2026-W25,2026-06-15,ESCORTS.NS,Capital Goods,497.0,0.8,C,LAGGARD,BOTTOM_50,-12.036,-31.751
2026-W25,2026-06-15,ECLERX.NS,Services,498.0,0.6,C,LAGGARD,BOTTOM_50,-17.509,-30.62
2026-W25,2026-06-15,JAINREC.NS,Metals & Mining,499.0,0.4,C,LAGGARD,BOTTOM_50,-16.613,-32.338
2026-W25,2026-06-15,VEDL.NS,Metals & Mining,500.0,0.2,C,LAGGARD,BOTTOM_50,-34.249,-49.974
